user_id,nickname,user_level,user_level_title,grade,college,major,campus,interest_tags,register_time,is_new_user,questionnaire_filled,default_location,status
dzQ5OWFZU1Rsb0NBdU5DMGlxR3dpSVMzYXJHR2VZZHBsNHVoYllWK3RjNnprSDJ4aWMzSWE1S21ycmlHaTd1bWZKS0FqNFoyb29lSWlXSjI=,何以解忧唯有排球,2,小学生,大三,管理学院,会计学,东校园,求问|校园卡|南校,2026-02-03 11:43:00,0,0,教学区,normal
dHFWNWU0ZVV5YTZFdHJuWGhxL09xNGVub1dxSWhxRm9pV2Q0am9sc3o4REdwbjJrZ2F2Tmg0U290ckdVWjd5Qmk4eUVqcHA0Zkd1SmlXSjI=,恒真式,3,初中生,大四,医学院,口腔医学,深圳校区,二手交易|闲置|南校,2026-02-03 11:40:00,0,0,教学区,normal
dTVDWHJKZk51MzkvcHFhbWlhTzhoSmFvbG95YWlJeVJsb3BqcUlHenBKbXdqcDZ3aWREWXFJZVMwTmFCWnM1bmhxZHFhWnlHZ0lLRmlXSjI=,wyvxudn,4,高中生,研三,法学院,知识产权,东校园,二手交易|闲置,2026-02-03 11:39:00,0,0,教学区,normal
dTRDQnNZTzZ4WXlVdXRETWhLK2tnWWlscGErYVpJaXJncDVxYll5Qng2NjFqcGF5bDdqRmE1S3F2cmlHb2M1a2k4K3FnWngyWjZtTnIySjI=,xysubecess,5,本科生,研一,计算机学院,软件工程,南校园,求问|校园卡|南校|租房,2026-02-03 11:39:00,0,0,教学区,normal
cjdLWGpuK1V5R2VTcWNpdWwzcXduWWVTcG95T2hwNXJpWXQ0Zkl5Tng3aTJmbzF1aExpYWJJUzUxNWFXWjgxcGxiZUloSnVGZjJ1SmlXSjI=,江夏,3,初中生,研三,数学学院,数学与应用数学,珠海校区,求问|校园卡|东校,2026-02-03 11:37:00,0,0,教学区,normal
dFd0MWZJbXFxNnVFcDZuWGdhQ3ZxNU9uZUlxUnE0eCtobjJFZ1p1bnZhNnlhSG1xbDZpV25vZTJ6NUtJWjZlc2tyZUFib2hobm4rSWlXSjI=,愚也愉,4,高中生,研三,计算机学院,网络工程,北校园,二手交易|闲置|南校|搭子,2026-02-03 11:33:00,0,0,教学区,normal
cm55Qm1uNlRrcTZJemJhVWYyV3JwcFNWaUtlWW5xNm1sb3VBaEpocjBwYTZwSTE5aTdxcmdaS3Fzc3lZZk1xQWs1UmpwNDFrbm15R2lXSjI=,assfghjkl,3,初中生,大四,公共卫生学院,公共卫生,北校园,求问|校园卡,2026-02-03 11:32:00,0,0,教学区,normal
dEtLYm1vTzYwWjZMdDlTNmdYdk5yWVNvb3FTTGRaMnZoYUdhb29pUnJkbXpqbjJObHJpWmE0VzV1clNZaXNsa2xiZUVhb1dlZktXWXIySjI=,等天晴,3,初中生,研三,电子信息学院,物联网工程,深圳校区,求问|校园卡,2026-02-03 11:23:00,0,0,教学区,normal
c3FLZnFaZTQxWitTekxLdGlYck9oSVdVWXJHUmhaNkNqcUpqZjVlaW5OWERhSjl1Z0x1em40VE9wcE9Kbjg2Z2dyaWVib2FJYjZXSWlXSjI=,rrr1,3,初中生,研二,管理学院,市场营销,南校园,求问|校园卡,2026-02-03 11:21:00,0,0,教学区,normal
eEpDYnE0UFB5WjZMemN6SmxxSzBkNVBNbWJHS2g0Ujhqbmltc0lTenlwaTNzb1ZyZ05HanFvT3FwZHQvWnJ5RWt0eDRwSXFlb3FDR2lXSjI=,求放过a,6,硕士生,研一,医学院,基础医学,北校园,求问|校园卡|宿舍,2026-02-03 11:20:00,0,0,教学区,normal
eGFXcXNYK1Z0Nk4vdWN5cmxXaXJyb0tWaEhxWm41cURobnVpc1lxbXg1eXphR2lTak4zTmE0ZVQxTktWZTgydGhaUmpyWTUwYjRXV3IySjI=,开心企鹅,6,硕士生,大二,法学院,知识产权,南校园,二手交易|闲置|南校,2026-02-03 11:14:00,0,0,教学区,normal
cjVCNGE0ek5wNjZGenE3VGpXZTNaSC9PYzZxRmVJaXRpbnBucm9scXp0MjFnSUdobHJpbnNJV3AzS3lCb2M2bmc3aDByWTEzZjJxV3IySjI=,泥椰椰,4,高中生,大三,电子信息学院,物联网工程,珠海校区,求问|校园卡|南校|宿舍,2026-02-03 11:09:00,0,0,教学区,normal
cjMrRms1ZXJyNE4vcWR2YWlJdktySkxjbHFlTG5hYXJpNkdpajVxbTA2KzFrSFd6bHMrN281UFF0cTZJZTZTRGdMcUxhWkNkZkdpQ2VXSjI=,集市用户369,6,硕士生,大四,管理学院,信息管理,南校园,二手交易|闲置,2026-02-03 11:08:00,0,0,教学区,normal
dG9DanFaZlJ0bWFMcHJLV2dHZXdqSk9tZ0tpTFpJQ0VtR2VxcElTTno3N0RnSDJ0aGFxVnFIN1Fxc3lWZXM2R2hicUlySXVyaUkrSGlXSjI=,不想写论文文文,7,博士生,研一,中文系,传播学,珠海校区,交友|搭子,2026-02-03 11:07:00,0,0,教学区,normal
eFdwb29wZlJ5YStGazYyVmdLTFNpSlMyakxLTWQ2WnRsbnhuYm95T3k2eTNwcHF5Zjg3RmpvYTVxc3lJakplRWk1V0VxNW1jZ0s2Q2VXSjI=,施氏食狮史,4,高中生,研一,中文系,新闻学,珠海校区,求问|校园卡|宿舍,2026-02-03 11:04:00,0,0,教学区,normal
czQrRmdaV3IwWW1FcHNpa2xwK2tycFduZUt1WVpKcUFqb2w4ajQyT25LeTRqWmVUZnBQVWFuK1NzdEdHbjg1K2k4MkVzSm1GaUhxRmlXSjI=,集友_eTAsYDz,3,初中生,研一,法学院,法学,深圳校区,求问|校园卡|南校,2026-02-03 11:04:00,0,0,教学区,normal
dFpDSWJaTzVwMzE4M016U2g0MmpaWlNUZTIyRlk0ZHRqWXVFb1krbnFONjRmSit5aTlDVnJvdVMzSmVVaTZldWk2aU1wbzE0a0lDQmVXSjI=,有款游戏越打越年轻,8,讲师,研三,公共卫生学院,预防医学,南校园,交友|搭子,2026-02-03 11:00:00,0,0,教学区,normal
cjJtanNZVzdzNHVBcUxYWWlvckthWWpNaDZxTlpKNkdobWlWcTRtUno1bkNzcCt1aWJmTmUzNlYwOXFVcnRhZWxLaDhqcHAzZUsrWHIySjI=,只想睡觉QAQ,3,初中生,研二,医学院,临床医学,深圳校区,求问|校园卡|东校|食堂,2026-02-03 11:00:00,0,0,教学区,normal
dG42TnEzL091NHVTMEw3T2w2RzRaNVducHFtRlluOXJnNHg0aTRoOXk5M0RwbldEaEpXNmFKVzV0cldIWjlxS2lNNmVvSVdybXFxQmVXSjI=,mmmm111,5,本科生,大四,中文系,汉语言文学,珠海校区,二手交易|闲置|东校,2026-02-03 10:59:00,0,0,教学区,normal
cjMrZWFZV1dxNHAva3REYmhhK25hSU8yaDYrS2RLcUxqbnFpcEpxQnJhNjJpNmV3aExtemlJcVR1cVNZamJTZWxybW1qWnVhYjRtRmlXSjI=,曦曦S,4,高中生,研三,公共卫生学院,预防医学,珠海校区,求问|校园卡|南校,2026-02-03 10:58:00,0,0,教学区,normal
c294NW9veTdwNWVUenJIVGlveTBlNVRQWW1pWW0zaWhpbnVhaEl5a25NQzNqNmRxaTdtdnJJdTV1cW1FaXBlVmdzMTNhb21yZkg2WXIySjI=,马甲乃最为珍贵之物,4,高中生,研二,法学院,知识产权,深圳校区,求问|校园卡,2026-02-03 10:56:00,0,0,教学区,normal
dzZXQmdJTzZsckNGdDVXcWZtaWtxSk81aUt1RmlZK3dpcUdhanBxbHZiKzBwWDE5bHFqSXJJS1VxdEdZbjdoN2c5dHJzbzJjaEltS2lXSjI=,uuu333,5,本科生,研二,中文系,新闻学,深圳校区,求问|校园卡,2026-02-03 10:52:00,0,0,教学区,normal
dDN5QmZJbXF1cXlFME5DcGxxT29sWktwWTRpSW5tNnhnR1dMc0ppQXl0eXpqWUdFbHBXdVozNm4xTktJaksrdWZ0Q2FnNXQxb29hSWlXSjI=,电灯泡本尊,5,本科生,研二,医学院,基础医学,珠海校区,二手交易|闲置,2026-02-03 10:51:00,0,0,教学区,normal
czQrTmdYK3FyNFdVcDh6S2xvcXdoNVRNZUdpUmQ1MXFsbWVIc1lPbHZidTFhNStSbHFtbmk0dTFuWldYb05LRmZOeUlpWnA1ZkllVnIySjI=,***,5,本科生,大二,中文系,新闻学,北校园,求问|校园卡,2026-02-03 10:51:00,0,0,教学区,normal
d29DSWJJelBvNHlGemN2WGluck5xNWJPaEthWlk1Q29ncU9NZ3BlTng2KzdnSnB0aDZldXI0ZTQxTmlDZkp1ZmhOQjhtWW1maDZxRGVXSjI=,励志练出彭于晏的身材,6,硕士生,大一,计算机学院,人工智能,深圳校区,二手交易|闲置,2026-02-03 10:50:00,0,0,教学区,normal
dHBCMW81U254WDZEemEyVmhhRGFkbjdPZ0lDUllwbHBsNHFtb1l0OXJiVERzb0J0ZjVhM2lwYTYwOU9WZkp0NWxLaUFqWkYwYjRlSWlXSjI=,非洲大草原,6,硕士生,研三,法学院,知识产权,北校园,求问|校园卡|东校,2026-02-03 10:49:00,0,0,教学区,normal
cm55WHBYKzZ4WVdWbGJxcmpLS3dkbituWjdLRnEzeUNoMlY4ZjVpbXo5Q3pvbld4aHJ1cnI0V1QxSzJXamNhT2xybUloSVdhcW5xWHIySjI=,荔枝滑蛋饭,5,本科生,大三,公共卫生学院,护理学,珠海校区,二手交易|闲置,2026-02-03 10:45:00,0,0,教学区,normal
dzQrWGhaYTV6V3FGdDlUTGdudW9yb1dUbld5TmhvQnFqbWlJcTQrbXk5SERwcHVobFpYVmdZYXBsYWlHZkp0K2hhcUVlcHVjWnFxRGVXSjI=,怎么这也有重名,4,高中生,研一,法学院,知识产权,珠海校区,二手交易|闲置|南校,2026-02-03 10:44:00,0,0,教学区,normal
dUtSNWI0UzNxbWFTcU5DN2w2SzBwNUxQcW9lWW5LMnhpWXBtYkltQnRhckNhcU9qaTg2N2ZwSzUzTmVZaXE5bGdwSjRhWkdkcHF1S2lXSjI=,哈哈哈哈哈哈哈嗝,4,高中生,研二,医学院,临床医学,北校园,交友|搭子|东校,2026-02-03 10:32:00,0,0,教学区,normal
dzQ5b2JJYTYwWXVLdHN5cGwzeXNacGFwaEdxT201cDhpNG1Nam94cnNlQ3ZhbXhwaTlETlpwV1MyS21ZakxTT2tyZDNzSVdlYjRHWHIySjI=,秒哈仙人,5,本科生,大四,电子信息学院,通信工程,珠海校区,校园生活|食堂,2026-02-03 10:32:00,0,0,教学区,normal
dElDZmU0VzYwV2VHemRpcmxxSFNwSVdTcXFpYVlaNTltSHBqcTRGc3FjNnZnSVdPZ0xpbmVvdXBxcnVXZmJCbWdLcWhiSnAzZkh1SGlXSjI=,mmomom,4,高中生,大三,医学院,基础医学,东校园,求问|校园卡|南校|东校,2026-02-03 10:30:00,0,0,教学区,normal
dDQ1MWk1ZTN4YkIvazY2MmxYcXdvSU8zZktHWWhxWm9tR2RqYVptUnZhN0NwWTJLaDZlM1pwWE9wcFNNWnJSK2twSnJlcGxpa0krTGlXSjI=,我是薯饼王,5,本科生,研三,中文系,传播学,珠海校区,求问|校园卡,2026-02-03 10:29:00,0,0,教学区,normal
dGFKNGFZQ1QxWWFIMExiUWwyYTRoMzY0bW9lUmVLMXBsNkdMYVkyaTE5T3dmWmVFaGFpV3JwUE4zTGlJcjhxTWk2cWlzcG1Jakh1WHIySjI=,MWhite,6,硕士生,研二,管理学院,市场营销,珠海校区,求问|校园卡,2026-02-03 10:26:00,0,0,教学区,normal
dTRDRmFwWFJwNDJVejc3WWdHYk5aNFRRbldpY2lIeVNpV2VJaW9kcHZKYXRhS3VSbGJqVWFaU3BuZEtVYU1xbWs2aVdmb1NKcHFtRGVXSjI=,有马加奈,5,本科生,大一,电子信息学院,电子信息工程,珠海校区,二手交易|闲置|南校,2026-02-03 10:25:00,0,0,教学区,normal
dTJtZmdwZTIxYStUcUxYVGxHV1RvNGUzZUtLWmQ0ZHRpR2lJcVpsL3g3UERvb2l3bGRHcnE0UzRwcm1BZXErdWxaT0lzWVNFYjJpSmlXSjI=,会飞的天使,6,硕士生,大四,外国语学院,英语,南校园,求问|校园卡|宿舍,2026-02-03 10:24:00,0,0,教学区,normal
dDM5c2U1T29yNmlEdXFtU2xxTzNhSlc0YzJ1RWRwQ3NqbnByb1lPUHk2dTNhbVNxaHF1cXJvWFFxckdLb3NxbWxycUliWXhqaktLT3IySjI=,贰贰贰,4,高中生,大四,计算机学院,信息安全,深圳校区,求问|校园卡,2026-02-03 10:20:00,0,0,教学区,normal
cnFSOW81YVRsckNXdXFiTGhHak5ySWpPbm9tR2lJTnJqb3Q3cjRTUHNOeTRwSFd4ZjdpdnJwUFB0cTJOWjdSbmlzK2VwSkY0b211V3IySjI=,情意绵绵枪击,4,高中生,研一,管理学院,工商管理,东校园,求问|校园卡|宿舍|租房,2026-02-03 10:19:00,0,0,教学区,normal
eEk5OXBvZk9tbjk4bE5UVGhYcktwSC9RZEsrRVlwcDlsbWg0Z29xenVKakRmMnh0bEx1eWE0V3BsYzJYZTdobGZwT01pWXVKZ0xLS2lXSjI=,苹什猫mia,5,本科生,研一,管理学院,会计学,深圳校区,求问|校园卡,2026-02-03 10:18:00,0,0,教学区,normal
dzR1bXNvZW5zNjJTcU5TbW1IeW9qSVM2ZUtLSWhvQnRnNHFpajVxbHRhdkRpMngrazVPV2JJYVRxcktYakxoL2xkQ1dpNXgzZzJpWHIySjI=,小二白,7,博士生,研二,数学学院,信息与计算科学,北校园,求问|校园卡,2026-02-03 10:17:00,0,0,教学区,normal
cm11YmY0YlIwWHlHdHJLeG1IbXNoSWZQaUt5SWg1Q0hnV2lMc1lOK3JkVEZhcVp0aU0rN2pZU3F1dG1VWnNhZmxhaC9hNHhrZzdDV3IySjI=,llssqqbb,3,初中生,大一,外国语学院,翻译,深圳校区,求问|校园卡,2026-02-03 10:17:00,0,0,教学区,normal
dFkybnBuL2RzNm1XdDY2eGpJdk9nb2FTZUlpY25wMnZoNjVyckkyUHJiaTRmSnVqbHF2RWFvQzNyckdIaXJPc2dzMTRoSVdIZDY2SmlXSjI=,YishU,3,初中生,研二,法学院,法学,深圳校区,二手交易|闲置,2026-02-03 10:12:00,0,0,教学区,normal
dEk5a2duK3JxcStJcVpYUWhtYThqWVdwbGE2TmRtdU9pSDJhcEllUnBkRzdmWUN4ZjVXcWFaS3F6OWlJZkphdGZaT2FiSnBpakxLR2lXSjI=,一瓶冷却液,4,高中生,大四,公共卫生学院,护理学,东校园,二手交易|闲置,2026-02-03 10:10:00,0,0,教学区,normal
eEdxWGlwU1dzbXFTdXNqV2xIckdmNFROaUt5YWlJaW9sNGwwYkltTnVkQ3lqSVZwbEtpV2ZKT1VsYzZZamFpTGhLZG5oNHliZ0llSGlXSjI=,蓝色小女孩,4,高中生,大三,医学院,临床医学,珠海校区,求问|校园卡,2026-02-03 10:10:00,0,0,教学区,normal
eEg2ZmtJYVd0Nm1WdHFxN2dYdTBkNE9VZ0tTT2VZZHRnWWltaUppT3ZOM0VqNFdOaGMzRm5vYXExTXFDZmNaOWhxWjRycENHWjIyRGVXSjI=,鸡柳大人,5,本科生,大二,外国语学院,翻译,深圳校区,求问|校园卡,2026-02-03 10:04:00,0,0,教学区,normal
c21pZm9ZeXFsbytVemRDemxXZmFxNUtWaEs2TW5hYW1oWitWYklxUXo4ZXZhb0duaHFyRmhZcVVxWlNWZk5acWxxaWVyNWgybnJDV3IySjI=,拂过,2,小学生,大四,中文系,汉语言文学,深圳校区,求问|校园卡|东校,2026-02-03 10:04:00,0,0,教学区,normal
dzVCMXI0WFB5WTJGbExYWGpZcTRub3FUb29LRllhNnRtWXVFaDRlTW01bXVzbml2aEpXU2tJak50ZGlNakxSNGtxZG5hSVI0ZkpLS2lXSjI=,秋草春生,7,博士生,大四,公共卫生学院,预防医学,南校园,求问|校园卡,2026-02-03 10:01:00,0,0,教学区,normal
dzVCMXI0WFB5WTJGbExYWGpZcTRub3FUb29LRllhNnRtWXVFaDRlUnk3ckZqNDJCaTlHM3JJdXB1dGFHZTZScGZxZUFhSm1Gbm02R2lXSjI=,秋草春生,7,博士生,大一,中文系,汉语言文学,北校园,求问|校园卡,2026-02-03 10:00:00,0,0,教学区,normal
dXFLSmlwYW5zNnlVa3FxM2xtVzRycGE0ZDIyT2VZeG9sMmlBb1psOG05N0RrSWh1Z2Flam9aV1UwTmlVcjZPdGk2aWhzSnQ1Z0hxRmlXSjI=,卷摆二象性,2,小学生,研三,电子信息学院,通信工程,南校园,求问|校园卡,2026-02-03 09:59:00,0,0,教学区,normal
cm9DQWJZYlF1MmFTdU15MWxtZXNhSkxPaUdpTG5vQ2tmNjkwYVl0cXo3MjNmNGx1bDdxdmZvWE9wczJFYU1wb2ZKU1dnSW1KZUpLVnIySjI=,皇帝,6,硕士生,大四,医学院,基础医学,北校园,求问|校园卡,2026-02-03 09:55:00,0,0,教学区,normal
dTQ2TmZJemRxbWw5azY2MWpYcThnNHFTbnEySm5ZeHRnWitNcElxa3ZiQ3ZqWDJ4ZjlDU2U1SzZwcldVZmJpRmhhbXFwWXVHbnF1SGlXSjI=,Qqsbdo,5,本科生,大三,法学院,法学,珠海校区,求问|校园卡|东校|图书馆,2026-02-03 09:53:00,0,0,教学区,normal
dFg2QmZJdVZxMzJIMExLemduM1NucE9VbG91Q1laQ1JpM3Q0cW9xT21LbTdnS04vaU16VWE1Yk50cWVOWjhhS2xzK3FiSXljbW4yTnIySjI=,忽如一夜春风来,3,初中生,研一,法学院,法学,东校园,求问|校园卡,2026-02-03 09:53:00,0,0,教学区,normal
dzR5RnNJVFFybWFHM0xhNWdudThvNHVuZzdDSmRZU3JnWXA0a28rano5M0ZqM21EbGMzRm5vaXBzWmFVWjVPRGlybU1tWkdJZ0c2WXIySjI=,momopro,5,本科生,大二,医学院,基础医学,深圳校区,二手交易|闲置|宿舍,2026-02-03 09:45:00,0,0,教学区,normal
dEthZmJaT29zMmlHcXNpWGpZdWpxNVROWTdDUmVLMnVtS0dXa0l5bXFicTFwbmx0aGJpdmpwUzRxWlNFWmJ5RGk4Mk1ocGgybW5xSGlXSjI=,奶黄包mmm,4,高中生,大四,电子信息学院,电子信息工程,南校园,求问|校园卡,2026-02-03 09:41:00,0,0,教学区,normal
eFkrRms1UE56YkNDdGRlV2lXaXNuSlBRbFd5YWhZUi9tWTJJZTVxbnNhaTZhcCtBakpXYXBKVzJ2dENIak5acGdyZW1hbzEzZkgyRmlXSjI=,二锅水,4,高中生,大四,医学院,临床医学,东校园,二手交易|闲置,2026-02-03 09:40:00,0,0,教学区,normal
cm82QnJvemRxbW1Va3JuYmpJdXNycFBRaUsrUWlZQjhsWHBqYXBoOXZiQzNmNDJIaHFxdmFZZlB5NVNHamNtdWhxWjBob2llaEpHWHIySjI=,猫为什么一直响,6,硕士生,大一,外国语学院,英语,珠海校区,求问|校园卡,2026-02-03 09:39:00,0,0,教学区,normal
dzJxanFaZXB4WWVWdWEzVGphRzBvWDNjZElxUW5xNTZtS0dlYklTQXg4ZkVwWDJRaHRDVmEzNnAxSk9JZWJDS2hxbVdyNXFjb29PRGVXSjI=,***,3,初中生,大四,公共卫生学院,护理学,南校园,求问|校园卡,2026-02-03 09:35:00,0,0,教学区,normal
czMxbnNaU251NUNBcHI2cGlHVzhkNGE2ZktXRlk2S0poMmlpZ28rbTA5dkZvMzJ5Z0xpN2VwV295TnVIWnNxTmhaUjhwSnFGaklTRGVXSjI=,朝辞,4,高中生,研二,外国语学院,日语,深圳校区,求问|校园卡,2026-02-03 09:34:00,0,0,教学区,normal
dUtWc2lJaW9scUtTdWRDNGhubXpaSUMzbm5xRm5wbXdobzJpbzVDbTI5ckVmcHRyaHM2U29KVE8xTkNKWjdTVmxxcWVob3ViaDdDTnIySjI=,我补要上学啊啊,6,硕士生,大二,外国语学院,日语,珠海校区,求问|校园卡,2026-02-03 09:32:00,0,0,教学区,normal
eFkxNWo0ZTdxNHVMazZxdGw0dTRkMzY2ZktxT2hZU3NsMmVWYklXTnJkMnZmNStEZjVUTmVZT1RzcWFZaXF5Vms3bWxhNXRocldpTGlXSjI=,CS爱好者,4,高中生,大四,数学学院,信息与计算科学,珠海校区,求问|校园卡|南校|搭子,2026-02-03 09:23:00,0,0,教学区,normal
dXFXbnJaU3FrcStTMjUzT2dhTFdvSWJOYTZDRVlZeVJnb3VJclp1TnZiQzBhR1NoZ05Demg0clExTnFJb2Nab2haS0VmWU5qcW4rT3IySjI=,C罗粉丝,4,高中生,大四,管理学院,市场营销,东校园,二手交易|闲置,2026-02-03 09:15:00,0,0,教学区,normal
cjQycmtJeTN0NGQrejh6Q2xuelNlSCszbm1pRWQ2Si9nbjEzcjRGcHNiYkNqYWVCbGMvTmdINlYxTXlCbzdkbWs2WjhyNWxoZkkyWHIySjI=,ns,4,高中生,大二,电子信息学院,自动化,珠海校区,求问|校园卡,2026-02-03 09:04:00,0,0,教学区,normal
cm95WGhwZTZ1NFNLbE1pNGdaK25aNHJRZUt5YWRvQ2toWXBqczVlQW5KYTBwSW1TZ0x2RVozKzN6TFNDakp0bmxybUFoSmgxa0c2TGlXSjI=,集友mer,4,高中生,研三,法学院,知识产权,北校园,求问|校园卡|图书馆,2026-02-03 09:02:00,0,0,教学区,normal
eFgyamdvR28xR2lTdWRqTmg2KzhuNFROcG9HYm5KQ0ppcCthZTVDUDB0MnZqNk9JaHMyamVvak12cWFYaXBPbWY4MmVrSW1lYjRPSWlXSjI=,ccb,3,初中生,大二,法学院,知识产权,深圳校区,求问|校园卡,2026-02-03 08:58:00,0,0,教学区,normal
dG1tSmZJZXJ1NEdEM01pMmpZcTBhcFMybm9pSW01MXRsWHlJcDRwK3FiMjRqNFJyaHBXbWFaU3F2czZHakxPdGc4OWpzb3FjZTJtSmlXSjI=,desolation,4,高中生,大四,法学院,法学,深圳校区,二手交易|闲置|南校,2026-02-03 08:54:00,0,0,教学区,normal
d24rcmJvQzN4R2w4bEpuSmlaK3NncE9TaElHQ1k1cHVpWDJoc1lPUHJiTzdmWnVIakxuTmwzN05uYzJZZkxoOGhaS01yWTJyaktxRGVXSjI=,小白鞋,5,本科生,研三,医学院,基础医学,南校园,求问|校园卡|东校,2026-02-03 08:52:00,0,0,教学区,normal
dG4yZnBJaXJzcTUrcXE2b2wyZXNhSlc2aDIyTWlhR3dpcDkzYllPTnh0eTFwV051ZjdxU3BIN2N0ckdCZWJoNmhyZDhwWkNkZklXV3IySjI=,清风徐来水,4,高中生,大二,公共卫生学院,预防医学,南校园,二手交易|闲置,2026-02-03 08:49:00,0,0,教学区,normal
dGFONWhJUE5xNkdEdWI2NWZtalNaWXFVZUxHTmg2S0FqV2RqZ0p1bng5bTBqNWVTbExtN2FYMlVsYkdJak01cGhhbUVlNXA1aEsyQ2VXSjI=,柠檬,1,幼儿园,研二,法学院,知识产权,珠海校区,二手交易|闲置,2026-02-03 08:48:00,0,0,教学区,normal
dEk2YnFKVzQyR2lTenE2NmlZM1NmWlRjbXFXTGVKbXZpM3Flc1pkcnZkckZhbm1JaHN5YXNKTzVzdHFOak5hbWhKV2VzcEdGZ0txS2lXSjI=,阿白IllI,6,硕士生,研三,医学院,口腔医学,东校园,求问|校园卡,2026-02-03 08:47:00,0,0,教学区,normal
dDZOa2ZJeTRyMzZIbExhV2hJbkdvbnlWbm8rRWlZdHJoNitla1pwcXhwcXpqV1NrbHF1anI0QzZxZHFOZk5xQWY4K0FqNGFIcHBtWXIySjI=,集友39464,5,本科生,大三,计算机学院,人工智能,北校园,求问|校园卡,2026-02-03 08:43:00,0,0,教学区,normal
dG8yWGtaYlFyNCtHMExLUmxYcldhWlRRZUg2Wm0zaWxpSDJEc0kybXg4NjdwbjJPbGRDU3FJZW11czZYZWNaNmY3aUlmb3VmZUlLTGlXSjI=,youyou酱,3,初中生,研二,医学院,口腔医学,深圳校区,求问|校园卡|南校,2026-02-03 08:39:00,0,0,教学区,normal
eEtTZWJaYlExWHFJemFxWGhZdW9yb3ZNZjJtUW5vU0VpbzJXaEltbHVkQ3pvbzJ5bGRISmc1YTZ0c3VNak5LR2xMZVdyb1ZrbnBtSGlXSjI=,于北辰,6,硕士生,大一,公共卫生学院,护理学,北校园,求问|校园卡,2026-02-03 08:38:00,0,0,教学区,normal
d21xQmg0aVRrbytHcXFxNm1JbkdwMzY2b2JDY25KbXdpNHllZzVtT201aXZhNStsbHMydXFJV25sSkdZb3Bkb2xaS0hycGlFYjRlSWlXSjI=,一二叁,3,初中生,研三,医学院,口腔医学,东校园,求问|校园卡,2026-02-03 08:36:00,0,0,教学区,normal
dFh5ZXNvaVR5YStMdHNpbGw0M09vSWpQZklxTGg0OXNob3FFazVkOXFKYkVhcDV1aEx1emUzNlUwSzZHb0t5Q2lLYUFiSkNIakdtR2lXSjI=,可口不可乐,4,高中生,研一,数学学院,统计学,深圳校区,求问|校园卡,2026-02-03 08:34:00,0,0,教学区,normal
c3BDRWE1YmRzNmFXdDVqWmlxUE9nWWpQZUg2RmVKNktsNHQ4azRlUXg5YXpmYUtyaEttcmZaT1NxcGVFcjdSOGc3YWFnSTJjYjJtWHIySjI=,upupup,5,本科生,大一,外国语学院,翻译,南校园,求问|校园卡,2026-02-03 08:29:00,0,0,教学区,normal
dDJ1WHNZQ25vMzJGdHI3UGlZck5aNFhRZUl1Sm5LcUpnb3hucVl5eno3QzRqcDZ3bE4yN3BwVGN2cStOWnNXcWlwT01wWVY1cGFxQmVXSjI=,一梦清晨,3,初中生,大二,中文系,汉语言文学,南校园,二手交易|闲置|实习,2026-02-03 08:26:00,0,0,教学区,normal
eHFPRWJaV25xMnFUemE2bmxtYW5aSmFxZktXWllZaUJtWitJZll0K25OU3Zmbld3aDgydmlZWGNwWkdLbjhhaGg1S2VpSnRqZklHT3IySjI=,洛,1,幼儿园,研二,电子信息学院,电子信息工程,南校园,求问|校园卡,2026-02-03 08:22:00,0,0,教学区,normal
d24ramduK1VzcTkvdHI2VGdYbTRubjYzaUk2TllxS2ttWXQ4b28xK3ViU3prSXlyZzd1bmk1T24wTFNXZTlKM2Y1U1dpSXFHaEk2TGlXSjI=,集友_k9HmZMb,2,小学生,大三,医学院,基础医学,深圳校区,求问|校园卡|南校,2026-02-03 08:21:00,0,0,教学区,normal
c0h4NWlJelF0bXAvdHNlVmYyZkdqSlMzZ0lHWXE2S25pWHFXcklWKzI3akZmSmVBbHFtN3FaU25zcGFXbjZTTGhxbVphNFZob3FtSGlXSjI=,啾一口甜,4,高中生,大三,管理学院,市场营销,东校园,求问|校园卡|宿舍|租房,2026-02-03 08:08:00,0,0,教学区,normal
eFdsOWtZeXAwWDZWenE3UGpHWE9vWDZxZEpDT2Q2S0FtWXQ0cklGcms1ckdvNSt5ZlpTN2tJZVVycnFBWnFTbGs2cWFpWnlmaUh5SGlXSjI=,moomnmo,5,本科生,大三,数学学院,数学与应用数学,南校园,求问|校园卡|图书馆,2026-02-03 08:01:00,0,0,教学区,normal
c0h4NWlJelF0bXAvdHNlVmYyZkdqSlMzZ0lHWXE2S25pWHFXckpwcDE3ZTJpMnlLbGN5YWpJdmJuY0tCbzgxa2dMZWloWTZJcHBHSGlXSjI=,啾一口甜,4,高中生,研三,中文系,新闻学,珠海校区,求问|校园卡|宿舍|租房,2026-02-03 07:53:00,0,0,教学区,normal
dDMxb2E0ZmMxYU9XcWR5MGxJMjhwSDdRZElhTXFxcVpnbnlJaW9lbno3RzFmb21uZmQzTmlZUFF1ZGlJb05Hc2lwS2FpSU5qbldxWHIySjI=,AAA秋葵批发,3,初中生,大一,计算机学院,软件工程,东校园,求问|校园卡,2026-02-03 07:41:00,0,0,教学区,normal
dDZPbm8zMlZrb1NEbEsyVWdhQ3doWmE0aElPUW02SjdqYStBc3BlbnZadTFqcU9LZ0tpWnNJUzRzdGFNamRLQWtwV2FtWkZpZklhQ2VXSjI=,让狐狐把知识吃掉,5,本科生,大三,计算机学院,软件工程,南校园,求问|校园卡|宿舍,2026-02-03 07:35:00,0,0,教学区,normal
dXFXbnJaU3FrcStTMjUzT2dhTFdvSWJOYTZDRVlZeVJnb3VJcllTQTA5ZXpmMmV5aTg2V3JJYlBxcEdCZkx5b2h0eWFiSmlibVd5RGVXSjI=,C罗粉丝,4,高中生,研一,医学院,基础医学,北校园,二手交易|闲置,2026-02-03 07:34:00,0,0,教学区,normal
c28rQmlJdlF4SzZIemE3YmdZM05aWk9UZEtTYVlZU0NoWXVpb3BxTnlwZkZwSUN6bGFlM1pvYTN6OXFLZk5xT2hMYUlvNG1HZklLSmlXSjI=,灵魂沙,6,硕士生,研一,法学院,法学,珠海校区,求问|校园卡,2026-02-03 06:53:00,0,0,教学区,normal
c21xQXM0dk5wNnVIdVptNWhXYThmMytuZ0tPRW4zaWtpSXByajVkK3FOKzBzbjJ4aGM2V25vV25uYytOamJTQ2Y3bXFoWkY0WjMrSWlXSjI=,V酱,3,初中生,研一,电子信息学院,电子信息工程,深圳校区,求问|校园卡,2026-02-03 05:19:00,0,0,教学区,normal
czMxb2s1V3ExWWFIemN5bWhLR29wWWVTaktDSllXdDdpcUJqYnBta3RaYXVqMzE4bFphcmZuMlR6OW1XcjdDQWs3cUltWWlJWnJDWHIySjI=,善水漫流中,5,本科生,大四,法学院,法学,北校园,校园生活|食堂|宿舍,2026-02-03 05:14:00,0,0,教学区,normal
dFk2aWE0UzVyNmVMdUw3UmxwK3dkNVc2aUgrTGRvaWlqcUtXczVxa3VhN0VqV05zaGFpdmczNlUwTHVGaXBPRWhzK2RycHFlakl1SmlXSjI=,HHHL,2,小学生,研二,医学院,基础医学,珠海校区,求问|校园卡,2026-02-03 04:05:00,0,0,教学区,normal
ckdsMWFvdlJyMzErdWJhdWlXYXNab0s2b29TUm5YaXRqYUJyc0lSOXRadkNhNXVRZnQzTlpvQ25zdEtOWjdDcmhiVnJrb1ZraUhxQmVXSjI=,为啥不让我取momo,5,本科生,研三,数学学院,统计学,南校园,交友|搭子,2026-02-03 04:05:00,0,0,教学区,normal
dUkyTmk0RGRzNnVHek5DbmlIeTRxSUtUb1cySlk1QnNsMldFa29la3ROaTFqblN4bHM2WlpvV1MxTnFHZkxTQmlMbUVnNDJkZUl1SGlXSjI=,***,5,本科生,大一,中文系,新闻学,北校园,交友|搭子,2026-02-03 03:36:00,0,0,教学区,normal
cjJpcWJJblFyNE9UdHJLdWlHYTRqcFBPZEcyY25JQ3BpWHFlYnBlUXJiK3Zhb1dLaEpiUnJwV21wdHFGZTlLR2hhbDRxSnRrZUtHQ2VXSjI=,不背小书包,9,副教授,研二,数学学院,数学与应用数学,北校园,交友|搭子,2026-02-03 03:35:00,0,0,教学区,normal
dXFWamFaUzQwV2VEdUxHU2w2T3paMytWb3BDYmlHdURoNHlkcTRtUHg2eXlwSUdMaEtxbnFZZTNyWlNHaXB1dGhLaWlnNE5rbm9HQmVXSjI=,某年某月,6,硕士生,大三,中文系,传播学,南校园,求问|校园卡,2026-02-03 03:01:00,0,0,教学区,normal
dzMyYm9ZU3FrbmlTcXFyQ2xLTzBxWXZNZkdpUnE0dHNpV1ZucDRpUnFiVzFzV3l1Zzl5YW9YMlVtSkorWmJocGhwS1dzWkNHb21pWHIySjI=,不是阿白11,5,本科生,大三,医学院,临床医学,深圳校区,交友|搭子,2026-02-03 02:56:00,0,0,教学区,normal
cjZGc2lJdTZwNCtGcWFxMWhwL0daWCtUaEtPYm5tYXZncTkwcDRGc3JKdkRvb2h0bEpXV29vVFFydGlKbjZpTmhKT2llcHRqbm51QmVXSjI=,Goblins,8,讲师,研二,计算机学院,软件工程,东校园,交友|搭子,2026-02-03 02:50:00,0,0,教学区,normal
c28ybnJJelEwSzZHbExhNWxZM09xSlBOYTRPTmlKQ0lsYUNtallSL3FkbXZrSmVwZzlDM2hYL1BzcytCaTZOcGZ0eUFwWnFmbld1WHIySjI=,原神牛福,5,本科生,大一,管理学院,会计学,东校园,求问|校园卡,2026-02-03 02:28:00,0,0,教学区,normal
dDQxa2k1T3JvNnlHcWEzWW1JcXZyWWFTaElDTWhacUxqWjkwaDVDenFhaTBmMmV2aUpTamdZU1Z2dG1VWlp1VmY3aUVhWnRqYjZxQ2VXSjI=,我的人生亡荡了,5,本科生,大三,医学院,口腔医学,北校园,求问|校园卡,2026-02-03 02:15:00,0,0,教学区,normal
dzZTYXE1YW9sbzZXdUwyV2dLQzBabnpjbW4rRllaNnVqcUNNaFlKc3pwbTRmNnR2ZzdxM2lJdTJwcXlZb2FSL2ZzMW5mbzZKcG1tRGVXSjI=,***,6,硕士生,大四,计算机学院,信息安全,东校园,求问|校园卡,2026-02-03 02:09:00,0,0,教学区,normal
cm1pYmlZU3BycTJDemFtV2xHZk9wSXVWZ0txTmQ0T3FpNHlpaUppa3k2dTBmNTlzaTVhdmpaTzEyTk9LbzdTbWt0eDhvcGwzakgrWXIySjI=,老己你真好,5,本科生,大四,电子信息学院,物联网工程,珠海校区,求问|校园卡,2026-02-03 01:32:00,0,0,教学区,normal
eEg5cnM1V1Z0NHlJcHFiU2phTFNybitVaUtxRm40K3hobWVlc1lTUnNkYkRvMlNobEpUSmE1Yk4wSmVXYU1hTGhjMXJybzE1b3FtT3IySjI=,忧郁的kris,4,高中生,研三,公共卫生学院,公共卫生,东校园,求问|校园卡,2026-02-03 01:22:00,0,0,教学区,normal
cmJLYnM0UE96WCtWM0xxMGxLSFNmWWZOb251RW5YaU5ocU9Fb1ltQngrRERvNXQvaGFxM2VJUzR1dEtYaXBKb2ZKS2FxSVNGZklTS2lXSjI=,kierzero,3,初中生,大二,外国语学院,英语,深圳校区,校园生活|食堂|宿舍,2026-02-03 01:20:00,0,0,教学区,normal
dDJsMWtaYTZ5WG1IdDZxbGdHWEdaWlNvbm1pRWVJU25ocU56YkptT3VkRzdwSFd6aTlDYWg1T3FxcXlXcjhaNWs1S1dxNHAxajJpTGlXSjI=,不喝奶茶了,5,本科生,大四,医学院,基础医学,东校园,校园生活|食堂,2026-02-03 01:13:00,0,0,教学区,normal
u_ext_00101,校园用户00101,5,资深坛友,大二,计算机学院,人工智能,深圳校区,课程资料|竞赛|编程|考研|社团|实习,2026-04-30 12:51:57,0,0,食堂区,normal
u_ext_00102,校园用户00102,4,校园达人,研二,医学院,临床医学,东校园,课程资料|考研|实习|招聘|租房|科研,2024-08-21 12:51:57,1,0,宿舍区,normal
u_ext_00103,校园用户00103,8,校园达人,研一,数学学院,信息与计算科学,珠海校区,招聘|科研|租房|实习,2024-06-29 12:51:57,0,0,宿舍区,normal
u_ext_00104,校园用户00104,7,普通用户,大四,计算机学院,人工智能,南校园,编程|竞赛|考研|实习|二手交易|租房,2024-06-07 12:51:57,0,0,教学区,normal
u_ext_00105,校园用户00105,5,普通用户,大一,医学院,基础医学,珠海校区,新生攻略|考研|社团|科研|选课|实习,2025-03-15 12:51:57,0,0,图书馆,normal
u_ext_00106,校园用户00106,4,活跃同学,大三,医学院,基础医学,北校园,科研|实习|课程资料|考研|保研|竞赛,2024-12-14 12:51:57,0,0,教学区,normal
u_ext_00107,校园用户00107,3,普通用户,研三,法学院,法学,北校园,实习|科研|招聘|租房,2024-01-19 12:51:57,0,0,校外,normal
u_ext_00108,校园用户00108,3,活跃同学,研二,计算机学院,人工智能,南校园,竞赛|租房|科研|考研|课程资料|实习,2024-04-26 12:51:57,1,1,教学区,normal
u_ext_00109,校园用户00109,6,校园达人,大三,法学院,知识产权,南校园,考研|竞赛|保研|实习,2023-08-16 12:51:57,1,1,宿舍区,normal
u_ext_00110,校园用户00110,8,校园达人,大二,电子信息学院,自动化,东校园,竞赛|二手交易|课程资料|社团,2023-12-30 12:51:57,0,0,食堂区,normal
u_ext_00111,校园用户00111,3,校园达人,大四,中文系,新闻学,北校园,就业|租房|二手交易|毕业,2025-03-24 12:51:57,1,1,校外,normal
u_ext_00112,校园用户00112,2,资深坛友,研二,数学学院,统计学,深圳校区,租房|招聘|实习|科研,2025-02-08 12:51:57,0,0,教学区,normal
u_ext_00113,校园用户00113,8,活跃同学,研一,电子信息学院,物联网工程,北校园,招聘|科研|实习|租房,2024-02-15 12:51:57,0,0,教学区,normal
u_ext_00114,校园用户00114,7,校园达人,大三,医学院,基础医学,北校园,考研|课程资料|保研|实习|科研|竞赛,2025-01-02 12:51:57,1,1,宿舍区,normal
u_ext_00115,校园用户00115,2,活跃同学,研三,法学院,法学,南校园,实习|租房|科研|招聘,2023-07-14 12:51:57,0,0,宿舍区,normal
u_ext_00116,校园用户00116,3,普通用户,研一,外国语学院,英语,北校园,租房|科研|招聘|实习,2024-09-07 12:51:57,1,0,图书馆,normal
u_ext_00117,校园用户00117,5,校园达人,研二,电子信息学院,自动化,北校园,科研|招聘|实习|租房,2024-06-29 12:51:57,0,0,教学区,normal
u_ext_00118,校园用户00118,6,资深坛友,大四,电子信息学院,物联网工程,北校园,租房|二手交易|就业|毕业,2024-12-30 12:51:57,0,0,教学区,normal
u_ext_00119,校园用户00119,8,普通用户,研二,医学院,口腔医学,深圳校区,考研|招聘|租房|实习|课程资料|科研,2023-06-08 12:51:57,0,0,宿舍区,normal
u_ext_00120,校园用户00120,7,普通用户,大一,医学院,口腔医学,东校园,社团|校园生活|选课|科研|课程资料|新生攻略,2025-06-10 12:51:57,0,0,校外,normal
u_ext_00121,校园用户00121,8,活跃同学,大二,医学院,口腔医学,北校园,社团|科研|二手交易|竞赛|课程资料|实习,2025-03-27 12:51:57,0,0,宿舍区,normal
u_ext_00122,校园用户00122,3,活跃同学,大二,计算机学院,数据科学,深圳校区,实习|社团|竞赛|二手交易|课程资料|考研,2026-03-24 12:51:57,0,0,教学区,normal
u_ext_00123,校园用户00123,1,资深坛友,研三,外国语学院,日语,深圳校区,招聘|租房|科研|实习,2025-07-22 12:51:57,0,0,图书馆,normal
u_ext_00124,校园用户00124,1,普通用户,大二,电子信息学院,通信工程,北校园,社团|竞赛|课程资料|二手交易,2025-08-08 12:51:57,0,0,校外,normal
u_ext_00125,校园用户00125,3,活跃同学,大二,管理学院,工商管理,珠海校区,竞赛|社团|兼职|二手交易|简历|就业,2024-01-19 12:51:57,0,0,图书馆,normal
u_ext_00126,校园用户00126,8,校园达人,研三,电子信息学院,通信工程,东校园,实习|科研|招聘|租房,2025-03-31 12:51:57,0,0,校外,normal
u_ext_00127,校园用户00127,4,校园达人,研二,外国语学院,英语,深圳校区,实习|招聘|租房|科研,2025-10-10 12:51:57,1,0,图书馆,normal
u_ext_00128,校园用户00128,6,校园达人,大一,法学院,法学,南校园,选课|新生攻略|社团|校园生活,2023-07-01 12:51:57,0,0,图书馆,normal
u_ext_00129,校园用户00129,2,校园达人,大四,计算机学院,网络工程,北校园,考研|租房|课程资料|二手交易|竞赛|就业,2023-04-12 12:51:57,0,0,教学区,normal
u_ext_00130,校园用户00130,2,校园达人,研一,计算机学院,信息安全,珠海校区,考研|编程|科研|实习|招聘|竞赛,2026-01-10 12:51:57,0,0,教学区,normal
u_ext_00131,校园用户00131,1,普通用户,大一,中文系,传播学,南校园,社团|新生攻略|选课|校园生活,2025-11-26 12:51:57,1,1,图书馆,normal
u_ext_00132,校园用户00132,6,校园达人,大二,电子信息学院,通信工程,珠海校区,竞赛|社团|课程资料|二手交易,2023-10-17 12:51:57,0,0,宿舍区,normal
u_ext_00133,校园用户00133,1,校园达人,研三,管理学院,工商管理,珠海校区,科研|就业|租房|实习|招聘|社团,2023-10-01 12:51:57,0,0,校外,normal
u_ext_00134,校园用户00134,6,活跃同学,大三,数学学院,信息与计算科学,南校园,实习|考研|竞赛|保研,2023-12-31 12:51:57,0,0,图书馆,normal
u_ext_00135,校园用户00135,1,活跃同学,大四,管理学院,工商管理,南校园,二手交易|租房|简历|社团|兼职|就业,2025-10-29 12:51:57,0,0,食堂区,normal
u_ext_00136,校园用户00136,2,校园达人,大二,计算机学院,信息安全,南校园,社团|实习|二手交易|课程资料|编程|竞赛,2025-03-12 12:51:57,0,0,教学区,normal
u_ext_00137,校园用户00137,1,资深坛友,大三,管理学院,会计学,珠海校区,就业|考研|简历|社团|保研|实习,2025-06-23 12:51:57,0,0,校外,normal
u_ext_00138,校园用户00138,6,活跃同学,研一,医学院,口腔医学,珠海校区,租房|科研|实习|考研|招聘|课程资料,2025-01-31 12:51:57,0,0,图书馆,normal
u_ext_00139,校园用户00139,4,活跃同学,研一,管理学院,工商管理,深圳校区,简历|租房|招聘|实习|兼职|科研,2023-12-12 12:51:57,0,0,教学区,normal
u_ext_00140,校园用户00140,4,校园达人,大三,管理学院,工商管理,北校园,实习|竞赛|就业|考研|保研|简历,2025-09-09 12:51:57,0,0,图书馆,normal
u_ext_00141,校园用户00141,6,普通用户,大一,法学院,法学,北校园,选课|社团|校园生活|新生攻略,2024-01-27 12:51:57,0,0,食堂区,normal
u_ext_00142,校园用户00142,1,资深坛友,研一,外国语学院,日语,珠海校区,科研|租房|实习|招聘,2024-09-12 12:51:57,0,0,校外,normal
u_ext_00143,校园用户00143,5,活跃同学,研一,法学院,知识产权,北校园,科研|实习|招聘|租房,2025-10-14 12:51:57,1,1,教学区,normal
u_ext_00144,校园用户00144,2,校园达人,大四,管理学院,市场营销,珠海校区,社团|毕业|二手交易|简历|租房|兼职,2025-11-17 12:51:57,0,0,图书馆,normal
u_ext_00145,校园用户00145,4,活跃同学,大三,电子信息学院,自动化,珠海校区,保研|实习|竞赛|考研,2025-06-23 12:51:57,1,0,宿舍区,normal
u_ext_00146,校园用户00146,5,校园达人,大四,外国语学院,翻译,北校园,毕业|就业|二手交易|租房,2024-07-16 12:51:57,0,0,教学区,normal
u_ext_00147,校园用户00147,3,校园达人,研二,公共卫生学院,公共卫生,珠海校区,科研|招聘|实习|租房,2024-09-25 12:51:57,1,0,校外,normal
u_ext_00148,校园用户00148,5,资深坛友,大三,医学院,基础医学,珠海校区,科研|保研|考研|课程资料|实习|竞赛,2024-09-30 12:51:57,0,0,校外,normal
u_ext_00149,校园用户00149,1,普通用户,大三,公共卫生学院,预防医学,东校园,保研|竞赛|实习|考研,2023-04-14 12:51:57,0,0,宿舍区,normal
u_ext_00150,校园用户00150,2,普通用户,大四,医学院,临床医学,珠海校区,租房|毕业|考研|二手交易|就业|实习,2025-05-10 12:51:57,0,0,宿舍区,normal
u_ext_00151,校园用户00151,6,活跃同学,大三,数学学院,统计学,珠海校区,考研|实习|竞赛|保研,2026-05-26 12:51:57,1,0,校外,normal
u_ext_00152,校园用户00152,6,活跃同学,研三,法学院,法学,珠海校区,租房|科研|实习|招聘,2024-07-04 12:51:57,0,0,教学区,normal
u_ext_00153,校园用户00153,8,普通用户,大一,法学院,知识产权,珠海校区,新生攻略|校园生活|社团|选课,2024-01-18 12:51:57,0,0,图书馆,normal
u_ext_00154,校园用户00154,4,校园达人,大二,中文系,汉语言文学,北校园,竞赛|课程资料|社团|二手交易,2026-01-13 12:51:57,0,0,食堂区,normal
u_ext_00155,校园用户00155,2,校园达人,研三,中文系,传播学,南校园,招聘|实习|租房|科研,2025-11-05 12:51:57,0,0,宿舍区,normal
u_ext_00156,校园用户00156,5,校园达人,研二,医学院,基础医学,珠海校区,课程资料|招聘|实习|考研|租房|科研,2025-05-27 12:51:57,0,0,食堂区,normal
u_ext_00157,校园用户00157,4,普通用户,研三,医学院,临床医学,深圳校区,考研|招聘|课程资料|租房|科研|实习,2024-09-08 12:51:57,0,0,图书馆,normal
u_ext_00158,校园用户00158,6,校园达人,研二,中文系,传播学,珠海校区,招聘|租房|实习|科研,2023-10-31 12:51:57,0,0,教学区,normal
u_ext_00159,校园用户00159,8,普通用户,研三,电子信息学院,自动化,珠海校区,租房|科研|招聘|实习,2024-04-02 12:51:57,0,0,校外,normal
u_ext_00160,校园用户00160,7,资深坛友,研一,计算机学院,数据科学,南校园,租房|实习|科研|竞赛|课程资料|编程,2025-10-08 12:51:57,0,0,教学区,normal
u_ext_00161,校园用户00161,1,资深坛友,研二,电子信息学院,电子信息工程,南校园,租房|科研|招聘|实习,2023-05-24 12:51:57,0,0,教学区,normal
u_ext_00162,校园用户00162,1,资深坛友,研三,管理学院,信息管理,北校园,社团|实习|科研|租房|招聘|简历,2024-03-30 12:51:57,1,1,校外,normal
u_ext_00163,校园用户00163,7,校园达人,大二,中文系,新闻学,东校园,课程资料|竞赛|二手交易|社团,2026-02-23 12:51:57,1,1,食堂区,normal
u_ext_00164,校园用户00164,3,资深坛友,研二,法学院,法学,南校园,实习|租房|招聘|科研,2023-06-26 12:51:57,0,0,食堂区,normal
u_ext_00165,校园用户00165,5,活跃同学,大四,管理学院,工商管理,北校园,二手交易|就业|社团|兼职|简历|毕业,2026-05-13 12:51:57,0,0,宿舍区,normal
u_ext_00166,校园用户00166,3,活跃同学,大四,医学院,临床医学,深圳校区,考研|科研|就业|毕业|二手交易|实习,2024-06-20 12:51:57,0,0,图书馆,normal
u_ext_00167,校园用户00167,8,普通用户,大三,公共卫生学院,护理学,深圳校区,保研|实习|竞赛|考研,2025-05-14 12:51:57,0,0,校外,normal
u_ext_00168,校园用户00168,5,活跃同学,大三,公共卫生学院,公共卫生,珠海校区,竞赛|实习|考研|保研,2024-11-14 12:51:57,0,0,食堂区,normal
u_ext_00169,校园用户00169,5,活跃同学,大一,数学学院,信息与计算科学,南校园,社团|选课|新生攻略|校园生活,2024-02-05 12:51:57,1,0,宿舍区,normal
u_ext_00170,校园用户00170,6,普通用户,研一,计算机学院,数据科学,珠海校区,课程资料|竞赛|招聘|编程|实习|科研,2026-04-02 12:51:57,0,0,食堂区,normal
u_ext_00171,校园用户00171,6,资深坛友,研三,法学院,法学,深圳校区,招聘|租房|实习|科研,2023-09-06 12:51:57,0,0,校外,normal
u_ext_00172,校园用户00172,1,普通用户,研三,管理学院,信息管理,东校园,社团|租房|科研|招聘|简历|实习,2026-04-21 12:51:57,0,0,教学区,normal
u_ext_00173,校园用户00173,4,校园达人,大二,中文系,传播学,南校园,课程资料|二手交易|竞赛|社团,2025-02-26 12:51:57,0,0,宿舍区,normal
u_ext_00174,校园用户00174,5,校园达人,大四,外国语学院,翻译,珠海校区,毕业|二手交易|租房|就业,2025-04-21 12:51:57,0,0,教学区,normal
u_ext_00175,校园用户00175,8,资深坛友,大四,中文系,新闻学,东校园,二手交易|毕业|就业|租房,2024-05-10 12:51:57,0,0,食堂区,normal
u_ext_00176,校园用户00176,4,资深坛友,大二,管理学院,信息管理,珠海校区,兼职|二手交易|课程资料|社团|简历|竞赛,2023-11-03 12:51:57,1,0,教学区,normal
u_ext_00177,校园用户00177,7,校园达人,大三,法学院,知识产权,珠海校区,考研|竞赛|保研|实习,2024-07-14 12:51:57,0,0,教学区,normal
u_ext_00178,校园用户00178,6,活跃同学,研一,外国语学院,翻译,深圳校区,招聘|科研|实习|租房,2025-01-12 12:51:57,0,0,校外,normal
u_ext_00179,校园用户00179,2,活跃同学,大三,法学院,知识产权,北校园,竞赛|考研|实习|保研,2024-11-09 12:51:57,0,0,教学区,normal
u_ext_00180,校园用户00180,1,普通用户,研一,电子信息学院,通信工程,南校园,科研|招聘|实习|租房,2024-02-26 12:51:57,0,0,教学区,normal
u_ext_00181,校园用户00181,2,校园达人,大一,法学院,法学,东校园,选课|校园生活|社团|新生攻略,2026-02-17 12:51:57,0,0,教学区,normal
u_ext_00182,校园用户00182,8,校园达人,大三,法学院,法学,珠海校区,竞赛|考研|实习|保研,2026-03-27 12:51:57,0,0,图书馆,normal
u_ext_00183,校园用户00183,4,活跃同学,大二,电子信息学院,通信工程,南校园,社团|课程资料|二手交易|竞赛,2025-12-13 12:51:57,1,0,食堂区,normal
u_ext_00184,校园用户00184,7,校园达人,大二,中文系,汉语言文学,北校园,社团|课程资料|二手交易|竞赛,2025-04-25 12:51:57,0,0,教学区,normal
u_ext_00185,校园用户00185,3,校园达人,大二,中文系,新闻学,南校园,社团|竞赛|课程资料|二手交易,2023-12-14 12:51:57,1,1,校外,normal
u_ext_00186,校园用户00186,8,普通用户,大一,公共卫生学院,护理学,珠海校区,社团|选课|校园生活|新生攻略,2025-04-26 12:51:57,0,0,校外,normal
u_ext_00187,校园用户00187,7,校园达人,研三,管理学院,市场营销,北校园,就业|社团|招聘|科研|租房|实习,2024-10-12 12:51:57,0,0,宿舍区,normal
u_ext_00188,校园用户00188,3,资深坛友,研三,电子信息学院,物联网工程,东校园,招聘|租房|科研|实习,2025-11-17 12:51:57,0,0,食堂区,normal
u_ext_00189,校园用户00189,7,校园达人,大一,法学院,法学,深圳校区,选课|新生攻略|社团|校园生活,2025-07-08 12:51:57,0,0,教学区,normal
u_ext_00190,校园用户00190,5,活跃同学,研一,外国语学院,商务英语,东校园,实习|租房|科研|招聘,2024-09-05 12:51:57,1,1,教学区,normal
u_ext_00191,校园用户00191,8,普通用户,研二,管理学院,市场营销,南校园,简历|科研|租房|就业|兼职|社团,2023-05-19 12:51:57,0,0,宿舍区,normal
u_ext_00192,校园用户00192,6,校园达人,大二,外国语学院,日语,珠海校区,竞赛|二手交易|社团|课程资料,2024-06-30 12:51:57,0,0,校外,normal
u_ext_00193,校园用户00193,4,资深坛友,大二,管理学院,信息管理,南校园,二手交易|课程资料|简历|竞赛|就业|社团,2024-02-29 12:51:57,0,0,校外,normal
u_ext_00194,校园用户00194,8,资深坛友,大四,中文系,新闻学,北校园,二手交易|就业|毕业|租房,2024-07-18 12:51:57,0,0,食堂区,normal
u_ext_00195,校园用户00195,8,普通用户,大一,计算机学院,网络工程,南校园,选课|新生攻略|课程资料|实习|考研|编程,2026-02-14 12:51:57,0,0,食堂区,normal
u_ext_00196,校园用户00196,7,普通用户,大一,中文系,汉语言文学,北校园,新生攻略|社团|校园生活|选课,2024-07-09 12:51:57,0,0,教学区,normal
u_ext_00197,校园用户00197,3,普通用户,大一,公共卫生学院,公共卫生,东校园,社团|选课|校园生活|新生攻略,2026-04-12 12:51:57,1,1,宿舍区,normal
u_ext_00198,校园用户00198,5,普通用户,研一,数学学院,信息与计算科学,南校园,实习|科研|租房|招聘,2025-10-06 12:51:57,0,0,宿舍区,normal
u_ext_00199,校园用户00199,3,活跃同学,大三,外国语学院,商务英语,东校园,竞赛|实习|保研|考研,2025-10-12 12:51:57,0,0,图书馆,normal
u_ext_00200,校园用户00200,5,校园达人,大一,数学学院,信息与计算科学,北校园,新生攻略|校园生活|社团|选课,2026-05-09 12:51:57,0,0,宿舍区,normal
u_ext_00201,校园用户00201,3,校园达人,研三,法学院,知识产权,北校园,租房|实习|招聘|科研,2024-01-03 12:51:57,0,0,食堂区,normal
u_ext_00202,校园用户00202,1,资深坛友,研三,法学院,知识产权,南校园,招聘|租房|实习|科研,2025-12-04 12:51:57,0,0,图书馆,normal
u_ext_00203,校园用户00203,4,活跃同学,大一,中文系,汉语言文学,深圳校区,校园生活|新生攻略|社团|选课,2026-02-24 12:51:57,0,0,校外,normal
u_ext_00204,校园用户00204,7,资深坛友,研三,法学院,知识产权,北校园,租房|招聘|实习|科研,2023-10-25 12:51:57,1,0,图书馆,normal
u_ext_00205,校园用户00205,3,校园达人,大二,计算机学院,网络工程,南校园,二手交易|社团|考研|编程|竞赛|课程资料,2024-08-30 12:51:57,0,0,图书馆,normal
u_ext_00206,校园用户00206,3,普通用户,研二,数学学院,信息与计算科学,东校园,租房|科研|招聘|实习,2023-05-11 12:51:57,1,1,校外,normal
u_ext_00207,校园用户00207,8,普通用户,大四,中文系,汉语言文学,南校园,就业|二手交易|租房|毕业,2023-03-16 12:51:57,0,0,教学区,normal
u_ext_00208,校园用户00208,1,校园达人,大一,外国语学院,英语,南校园,校园生活|新生攻略|社团|选课,2023-07-25 12:51:57,0,0,食堂区,normal
u_ext_00209,校园用户00209,3,资深坛友,大二,法学院,知识产权,东校园,课程资料|竞赛|社团|二手交易,2023-07-11 12:51:57,1,1,图书馆,normal
u_ext_00210,校园用户00210,8,校园达人,大三,公共卫生学院,公共卫生,深圳校区,保研|考研|竞赛|实习,2025-06-28 12:51:57,0,0,食堂区,normal
u_ext_00211,校园用户00211,7,校园达人,研三,公共卫生学院,预防医学,北校园,实习|科研|招聘|租房,2024-10-17 12:51:57,0,0,宿舍区,normal
u_ext_00212,校园用户00212,7,活跃同学,大二,管理学院,工商管理,珠海校区,兼职|课程资料|竞赛|就业|简历|社团,2025-09-15 12:51:57,0,0,校外,normal
u_ext_00213,校园用户00213,3,资深坛友,大三,法学院,法学,深圳校区,保研|考研|竞赛|实习,2025-11-29 12:51:57,0,0,宿舍区,normal
u_ext_00214,校园用户00214,8,普通用户,大三,中文系,新闻学,珠海校区,保研|竞赛|实习|考研,2024-08-14 12:51:57,0,0,图书馆,normal
u_ext_00215,校园用户00215,1,普通用户,研三,计算机学院,软件工程,北校园,竞赛|编程|招聘|租房|科研|考研,2024-01-10 12:51:57,0,0,图书馆,normal
u_ext_00216,校园用户00216,1,普通用户,大三,医学院,基础医学,北校园,课程资料|科研|实习|考研|保研|竞赛,2024-10-28 12:51:57,0,0,教学区,normal
u_ext_00217,校园用户00217,7,普通用户,大一,公共卫生学院,公共卫生,南校园,选课|校园生活|社团|新生攻略,2025-01-31 12:51:57,1,0,校外,normal
u_ext_00218,校园用户00218,6,资深坛友,大四,管理学院,市场营销,北校园,毕业|就业|二手交易|兼职|租房|简历,2026-05-02 12:51:57,1,1,宿舍区,normal
u_ext_00219,校园用户00219,5,普通用户,研一,外国语学院,日语,南校园,科研|实习|招聘|租房,2026-01-12 12:51:57,1,0,食堂区,normal
u_ext_00220,校园用户00220,7,校园达人,大二,公共卫生学院,护理学,北校园,课程资料|竞赛|社团|二手交易,2023-09-12 12:51:57,0,0,宿舍区,normal
u_ext_00221,校园用户00221,1,资深坛友,大三,法学院,知识产权,深圳校区,考研|实习|保研|竞赛,2024-09-19 12:51:57,0,0,食堂区,normal
u_ext_00222,校园用户00222,6,活跃同学,研一,电子信息学院,自动化,北校园,租房|科研|实习|招聘,2023-12-20 12:51:57,0,0,食堂区,normal
u_ext_00223,校园用户00223,6,普通用户,大一,电子信息学院,物联网工程,深圳校区,新生攻略|社团|选课|校园生活,2024-03-07 12:51:57,1,1,校外,normal
u_ext_00224,校园用户00224,8,普通用户,研二,管理学院,市场营销,东校园,科研|租房|招聘|兼职|就业|实习,2024-09-12 12:51:57,0,0,图书馆,normal
u_ext_00225,校园用户00225,2,普通用户,大二,医学院,基础医学,北校园,课程资料|考研|二手交易|实习|科研|竞赛,2023-07-05 12:51:57,0,0,教学区,normal
u_ext_00226,校园用户00226,5,活跃同学,研三,中文系,传播学,北校园,招聘|租房|实习|科研,2024-08-28 12:51:57,0,0,校外,normal
u_ext_00227,校园用户00227,8,活跃同学,大一,法学院,知识产权,珠海校区,校园生活|选课|社团|新生攻略,2024-06-16 12:51:57,0,0,宿舍区,normal
u_ext_00228,校园用户00228,3,资深坛友,大一,外国语学院,英语,东校园,新生攻略|校园生活|选课|社团,2023-08-13 12:51:57,0,0,校外,normal
u_ext_00229,校园用户00229,5,校园达人,大一,法学院,法学,珠海校区,校园生活|新生攻略|选课|社团,2024-04-18 12:51:57,0,0,图书馆,normal
u_ext_00230,校园用户00230,5,活跃同学,大三,中文系,传播学,珠海校区,竞赛|考研|保研|实习,2024-01-06 12:51:57,1,1,图书馆,normal
u_ext_00231,校园用户00231,8,校园达人,大二,数学学院,统计学,深圳校区,竞赛|二手交易|社团|课程资料,2024-09-18 12:51:57,0,0,宿舍区,normal
u_ext_00232,校园用户00232,3,普通用户,大二,计算机学院,人工智能,北校园,二手交易|社团|课程资料|实习|考研|编程,2026-01-07 12:51:57,0,0,图书馆,normal
u_ext_00233,校园用户00233,6,资深坛友,研三,法学院,知识产权,珠海校区,科研|租房|招聘|实习,2023-10-20 12:51:57,0,0,校外,normal
u_ext_00234,校园用户00234,4,活跃同学,研一,外国语学院,商务英语,南校园,租房|实习|招聘|科研,2025-03-22 12:51:57,0,0,食堂区,normal
u_ext_00235,校园用户00235,8,校园达人,大二,电子信息学院,电子信息工程,珠海校区,二手交易|竞赛|社团|课程资料,2025-10-01 12:51:57,1,1,图书馆,normal
u_ext_00236,校园用户00236,5,资深坛友,大二,外国语学院,日语,深圳校区,二手交易|竞赛|课程资料|社团,2025-03-01 12:51:57,1,1,图书馆,normal
u_ext_00237,校园用户00237,7,资深坛友,大三,数学学院,数学与应用数学,深圳校区,保研|竞赛|考研|实习,2026-05-06 12:51:57,0,0,食堂区,normal
u_ext_00238,校园用户00238,4,普通用户,研三,公共卫生学院,护理学,北校园,招聘|实习|租房|科研,2025-04-25 12:51:57,0,0,教学区,normal
u_ext_00239,校园用户00239,8,普通用户,研三,电子信息学院,电子信息工程,北校园,实习|科研|租房|招聘,2023-05-30 12:51:57,0,0,图书馆,normal
u_ext_00240,校园用户00240,7,活跃同学,大三,管理学院,信息管理,深圳校区,简历|就业|保研|实习|考研|竞赛,2025-12-24 12:51:57,0,0,图书馆,normal
u_ext_00241,校园用户00241,7,资深坛友,研三,管理学院,市场营销,珠海校区,科研|招聘|兼职|社团|实习|就业,2026-02-23 12:51:57,0,0,教学区,normal
u_ext_00242,校园用户00242,6,资深坛友,研三,计算机学院,数据科学,珠海校区,招聘|竞赛|实习|课程资料|考研|租房,2023-11-18 12:51:57,1,1,宿舍区,normal
u_ext_00243,校园用户00243,1,活跃同学,大一,外国语学院,日语,东校园,新生攻略|社团|校园生活|选课,2025-08-01 12:51:57,0,0,校外,normal
u_ext_00244,校园用户00244,3,校园达人,研二,计算机学院,数据科学,北校园,租房|课程资料|招聘|竞赛|实习|考研,2024-01-15 12:51:57,1,1,食堂区,normal
u_ext_00245,校园用户00245,6,资深坛友,大三,电子信息学院,电子信息工程,深圳校区,保研|实习|考研|竞赛,2025-12-21 12:51:57,0,0,教学区,normal
u_ext_00246,校园用户00246,8,活跃同学,研三,公共卫生学院,预防医学,东校园,租房|实习|科研|招聘,2024-02-20 12:51:57,1,1,食堂区,normal
u_ext_00247,校园用户00247,2,活跃同学,大四,医学院,口腔医学,珠海校区,课程资料|就业|租房|二手交易|科研|考研,2024-02-20 12:51:57,1,0,宿舍区,normal
u_ext_00248,校园用户00248,1,校园达人,研三,电子信息学院,电子信息工程,南校园,科研|招聘|租房|实习,2023-10-08 12:51:57,0,0,宿舍区,normal
u_ext_00249,校园用户00249,5,资深坛友,大四,法学院,法学,珠海校区,二手交易|就业|租房|毕业,2025-02-24 12:51:57,1,1,教学区,normal
u_ext_00250,校园用户00250,5,活跃同学,大一,数学学院,数学与应用数学,北校园,社团|选课|校园生活|新生攻略,2025-11-05 12:51:57,0,0,图书馆,normal
u_ext_00251,校园用户00251,6,活跃同学,研二,电子信息学院,物联网工程,南校园,招聘|租房|科研|实习,2023-09-15 12:51:57,0,0,校外,normal
u_ext_00252,校园用户00252,1,校园达人,研三,公共卫生学院,公共卫生,南校园,科研|租房|招聘|实习,2023-07-05 12:51:57,0,0,食堂区,normal
u_ext_00253,校园用户00253,7,校园达人,大四,计算机学院,网络工程,北校园,编程|实习|考研|毕业|课程资料|租房,2024-03-28 12:51:57,1,1,校外,normal
u_ext_00254,校园用户00254,1,活跃同学,研一,管理学院,市场营销,东校园,租房|社团|招聘|就业|兼职|简历,2023-10-22 12:51:57,0,0,图书馆,normal
u_ext_00255,校园用户00255,8,资深坛友,大一,外国语学院,翻译,珠海校区,新生攻略|社团|选课|校园生活,2023-12-23 12:51:57,0,0,图书馆,normal
u_ext_00256,校园用户00256,4,校园达人,大四,公共卫生学院,护理学,珠海校区,租房|就业|毕业|二手交易,2025-03-13 12:51:57,0,0,图书馆,normal
u_ext_00257,校园用户00257,4,活跃同学,大一,医学院,临床医学,珠海校区,新生攻略|社团|实习|科研|课程资料|考研,2025-11-26 12:51:57,1,0,食堂区,normal
u_ext_00258,校园用户00258,8,普通用户,研一,管理学院,信息管理,深圳校区,就业|招聘|简历|实习|科研|社团,2024-05-01 12:51:57,0,0,宿舍区,normal
u_ext_00259,校园用户00259,8,活跃同学,大四,法学院,知识产权,北校园,二手交易|毕业|租房|就业,2024-06-13 12:51:57,1,1,食堂区,normal
u_ext_00260,校园用户00260,1,普通用户,研三,法学院,法学,南校园,实习|租房|招聘|科研,2025-09-12 12:51:57,0,0,图书馆,normal
u_ext_00261,校园用户00261,7,校园达人,研一,法学院,知识产权,南校园,租房|招聘|实习|科研,2025-04-02 12:51:57,0,0,教学区,normal
u_ext_00262,校园用户00262,5,普通用户,大四,数学学院,信息与计算科学,深圳校区,租房|二手交易|毕业|就业,2023-05-11 12:51:57,0,0,食堂区,normal
u_ext_00263,校园用户00263,1,普通用户,研一,中文系,新闻学,珠海校区,科研|招聘|实习|租房,2025-07-08 12:51:57,1,1,校外,normal
u_ext_00264,校园用户00264,5,活跃同学,大二,中文系,传播学,珠海校区,社团|竞赛|课程资料|二手交易,2024-06-25 12:51:57,0,0,食堂区,normal
u_ext_00265,校园用户00265,4,校园达人,大二,管理学院,市场营销,东校园,社团|课程资料|就业|简历|竞赛|兼职,2023-03-25 12:51:57,0,0,教学区,normal
u_ext_00266,校园用户00266,8,资深坛友,研一,法学院,法学,北校园,租房|招聘|科研|实习,2024-02-16 12:51:57,0,0,宿舍区,normal
u_ext_00267,校园用户00267,3,普通用户,研二,外国语学院,商务英语,南校园,租房|招聘|实习|科研,2024-03-27 12:51:57,0,0,食堂区,normal
u_ext_00268,校园用户00268,5,资深坛友,研二,数学学院,数学与应用数学,东校园,实习|招聘|租房|科研,2023-03-17 12:51:57,0,0,食堂区,normal
u_ext_00269,校园用户00269,7,普通用户,大二,电子信息学院,自动化,东校园,社团|课程资料|二手交易|竞赛,2025-12-12 12:51:57,0,0,宿舍区,normal
u_ext_00270,校园用户00270,6,校园达人,研三,管理学院,会计学,珠海校区,招聘|科研|兼职|社团|简历|租房,2024-02-23 12:51:57,0,0,宿舍区,normal
u_ext_00271,校园用户00271,4,普通用户,大三,外国语学院,英语,北校园,考研|竞赛|保研|实习,2024-10-28 12:51:57,0,0,食堂区,normal
u_ext_00272,校园用户00272,1,普通用户,大四,数学学院,数学与应用数学,深圳校区,就业|毕业|二手交易|租房,2023-07-31 12:51:57,0,0,宿舍区,normal
u_ext_00273,校园用户00273,8,校园达人,大一,公共卫生学院,预防医学,东校园,选课|校园生活|新生攻略|社团,2026-01-31 12:51:57,0,0,校外,normal
u_ext_00274,校园用户00274,4,活跃同学,研二,法学院,法学,珠海校区,科研|招聘|租房|实习,2025-06-15 12:51:57,1,0,食堂区,normal
u_ext_00275,校园用户00275,1,普通用户,研三,公共卫生学院,预防医学,东校园,科研|租房|招聘|实习,2025-05-12 12:51:57,0,0,图书馆,normal
u_ext_00276,校园用户00276,6,活跃同学,大四,管理学院,工商管理,深圳校区,租房|二手交易|就业|毕业|兼职|简历,2025-08-05 12:51:57,0,0,教学区,normal
u_ext_00277,校园用户00277,7,资深坛友,大三,中文系,传播学,东校园,实习|竞赛|考研|保研,2024-05-18 12:51:57,0,0,校外,normal
u_ext_00278,校园用户00278,3,普通用户,大一,管理学院,工商管理,东校园,兼职|新生攻略|就业|选课|简历|社团,2024-11-24 12:51:57,0,0,图书馆,normal
u_ext_00279,校园用户00279,6,普通用户,大一,中文系,汉语言文学,南校园,选课|新生攻略|校园生活|社团,2025-05-13 12:51:57,1,0,食堂区,normal
u_ext_00280,校园用户00280,6,校园达人,大二,管理学院,信息管理,东校园,课程资料|兼职|就业|竞赛|社团|二手交易,2024-11-10 12:51:57,0,0,图书馆,normal
u_ext_00281,校园用户00281,6,活跃同学,研二,中文系,汉语言文学,深圳校区,招聘|实习|科研|租房,2025-09-26 12:51:57,0,0,教学区,normal
u_ext_00282,校园用户00282,3,资深坛友,研三,管理学院,市场营销,南校园,实习|简历|招聘|租房|就业|科研,2025-10-15 12:51:57,0,0,教学区,normal
u_ext_00283,校园用户00283,2,普通用户,研三,中文系,新闻学,深圳校区,招聘|实习|租房|科研,2025-10-19 12:51:57,1,1,食堂区,normal
u_ext_00284,校园用户00284,4,资深坛友,研二,管理学院,会计学,深圳校区,租房|简历|就业|招聘|实习|兼职,2024-07-26 12:51:57,0,0,校外,normal
u_ext_00285,校园用户00285,2,资深坛友,大三,管理学院,信息管理,深圳校区,就业|社团|兼职|保研|考研|简历,2025-11-05 12:51:57,0,0,教学区,normal
u_ext_00286,校园用户00286,4,资深坛友,研三,数学学院,信息与计算科学,南校园,科研|招聘|租房|实习,2026-01-25 12:51:57,0,0,食堂区,normal
u_ext_00287,校园用户00287,5,活跃同学,大二,计算机学院,软件工程,东校园,社团|课程资料|二手交易|编程|竞赛|实习,2026-03-09 12:51:57,0,0,食堂区,normal
u_ext_00288,校园用户00288,6,活跃同学,大二,数学学院,数学与应用数学,珠海校区,社团|竞赛|课程资料|二手交易,2023-03-03 12:51:57,0,0,教学区,normal
u_ext_00289,校园用户00289,4,普通用户,大一,管理学院,信息管理,南校园,兼职|简历|社团|就业|选课|校园生活,2026-04-23 12:51:57,0,0,图书馆,normal
u_ext_00290,校园用户00290,8,普通用户,研一,管理学院,信息管理,东校园,招聘|社团|简历|兼职|就业|租房,2026-05-07 12:51:57,1,0,教学区,normal
u_ext_00291,校园用户00291,2,活跃同学,大三,电子信息学院,通信工程,东校园,考研|竞赛|实习|保研,2025-08-17 12:51:57,0,0,食堂区,normal
u_ext_00292,校园用户00292,7,资深坛友,研二,数学学院,信息与计算科学,东校园,租房|科研|实习|招聘,2026-03-18 12:51:57,0,0,教学区,normal
u_ext_00293,校园用户00293,7,资深坛友,大二,外国语学院,商务英语,珠海校区,社团|二手交易|课程资料|竞赛,2024-12-05 12:51:57,0,0,校外,normal
u_ext_00294,校园用户00294,1,校园达人,大三,中文系,新闻学,东校园,实习|保研|竞赛|考研,2024-10-07 12:51:57,0,0,教学区,normal
u_ext_00295,校园用户00295,1,活跃同学,研一,计算机学院,数据科学,北校园,编程|考研|实习|招聘|竞赛|课程资料,2026-03-29 12:51:57,0,0,图书馆,normal
u_ext_00296,校园用户00296,5,资深坛友,大三,计算机学院,软件工程,北校园,考研|实习|保研|编程|课程资料|竞赛,2023-09-01 12:51:57,0,0,校外,normal
u_ext_00297,校园用户00297,1,校园达人,大四,数学学院,统计学,南校园,租房|就业|二手交易|毕业,2025-12-30 12:51:57,1,0,图书馆,normal
u_ext_00298,校园用户00298,5,资深坛友,研二,计算机学院,数据科学,珠海校区,招聘|竞赛|租房|编程|考研|课程资料,2025-02-03 12:51:57,0,0,图书馆,normal
u_ext_00299,校园用户00299,2,校园达人,大二,管理学院,信息管理,珠海校区,兼职|社团|课程资料|简历|二手交易|就业,2025-04-01 12:51:57,1,1,教学区,normal
u_ext_00300,校园用户00300,7,校园达人,研二,法学院,知识产权,东校园,租房|实习|科研|招聘,2026-02-11 12:51:57,0,0,图书馆,normal
u_ext_00301,校园用户00301,4,资深坛友,大四,医学院,临床医学,珠海校区,科研|课程资料|二手交易|毕业|就业|实习,2024-07-25 12:51:57,0,0,宿舍区,normal
u_ext_00302,校园用户00302,3,活跃同学,研三,数学学院,统计学,东校园,租房|招聘|科研|实习,2024-02-02 12:51:57,0,0,教学区,normal
u_ext_00303,校园用户00303,1,资深坛友,大四,医学院,临床医学,北校园,租房|考研|课程资料|二手交易|毕业|科研,2024-08-30 12:51:57,0,0,食堂区,normal
u_ext_00304,校园用户00304,4,资深坛友,大三,外国语学院,日语,东校园,保研|竞赛|考研|实习,2025-08-26 12:51:57,0,0,教学区,normal
u_ext_00305,校园用户00305,1,活跃同学,研一,电子信息学院,物联网工程,珠海校区,招聘|科研|租房|实习,2025-11-09 12:51:57,0,0,宿舍区,normal
u_ext_00306,校园用户00306,5,活跃同学,大一,数学学院,信息与计算科学,深圳校区,新生攻略|校园生活|选课|社团,2024-12-12 12:51:57,0,0,食堂区,normal
u_ext_00307,校园用户00307,6,资深坛友,研三,中文系,传播学,深圳校区,招聘|租房|实习|科研,2025-07-27 12:51:57,0,0,宿舍区,normal
u_ext_00308,校园用户00308,3,资深坛友,大二,公共卫生学院,护理学,深圳校区,二手交易|社团|竞赛|课程资料,2023-04-18 12:51:57,0,0,校外,normal
u_ext_00309,校园用户00309,2,活跃同学,研二,电子信息学院,自动化,东校园,招聘|租房|科研|实习,2026-05-11 12:51:57,0,0,校外,normal
u_ext_00310,校园用户00310,1,普通用户,大四,公共卫生学院,公共卫生,北校园,就业|租房|毕业|二手交易,2024-03-04 12:51:57,0,0,校外,normal
u_ext_00311,校园用户00311,2,普通用户,大四,数学学院,数学与应用数学,南校园,毕业|二手交易|租房|就业,2023-07-21 12:51:57,0,0,校外,normal
u_ext_00312,校园用户00312,3,资深坛友,大四,管理学院,会计学,南校园,毕业|二手交易|就业|兼职|社团|简历,2025-10-31 12:51:57,1,1,教学区,normal
u_ext_00313,校园用户00313,5,普通用户,研二,外国语学院,翻译,珠海校区,招聘|实习|租房|科研,2024-10-27 12:51:57,1,1,教学区,normal
u_ext_00314,校园用户00314,4,普通用户,研一,中文系,传播学,北校园,招聘|科研|租房|实习,2024-11-27 12:51:57,0,0,食堂区,normal
u_ext_00315,校园用户00315,3,普通用户,大二,计算机学院,软件工程,珠海校区,实习|社团|课程资料|考研|竞赛|二手交易,2025-07-25 12:51:57,0,0,食堂区,normal
u_ext_00316,校园用户00316,5,校园达人,研一,外国语学院,商务英语,深圳校区,科研|租房|招聘|实习,2026-05-16 12:51:57,0,0,食堂区,normal
u_ext_00317,校园用户00317,8,资深坛友,大一,电子信息学院,物联网工程,北校园,社团|校园生活|选课|新生攻略,2023-09-28 12:51:57,0,0,教学区,normal
u_ext_00318,校园用户00318,7,资深坛友,研一,中文系,传播学,珠海校区,科研|租房|招聘|实习,2023-04-24 12:51:57,0,0,食堂区,normal
u_ext_00319,校园用户00319,1,资深坛友,研一,管理学院,市场营销,珠海校区,简历|就业|兼职|租房|招聘|社团,2023-09-05 12:51:57,0,0,食堂区,normal
u_ext_00320,校园用户00320,5,普通用户,研二,中文系,汉语言文学,东校园,租房|招聘|实习|科研,2025-12-16 12:51:57,0,0,校外,normal
u_ext_00321,校园用户00321,7,校园达人,大一,外国语学院,英语,北校园,社团|新生攻略|校园生活|选课,2024-02-23 12:51:57,0,0,校外,normal
u_ext_00322,校园用户00322,2,资深坛友,大四,管理学院,信息管理,北校园,租房|简历|兼职|就业|毕业|二手交易,2025-05-27 12:51:57,0,0,图书馆,normal
u_ext_00323,校园用户00323,1,活跃同学,大一,中文系,传播学,东校园,校园生活|社团|新生攻略|选课,2023-08-12 12:51:57,1,1,食堂区,normal
u_ext_00324,校园用户00324,7,校园达人,研三,公共卫生学院,公共卫生,南校园,实习|招聘|租房|科研,2025-06-18 12:51:57,0,0,宿舍区,normal
u_ext_00325,校园用户00325,6,资深坛友,研二,法学院,法学,深圳校区,科研|招聘|实习|租房,2026-03-19 12:51:57,0,0,图书馆,normal
u_ext_00326,校园用户00326,2,普通用户,大二,外国语学院,日语,南校园,二手交易|课程资料|社团|竞赛,2023-03-26 12:51:57,0,0,图书馆,normal
u_ext_00327,校园用户00327,7,活跃同学,研三,数学学院,数学与应用数学,北校园,招聘|科研|租房|实习,2023-09-13 12:51:57,0,0,宿舍区,normal
u_ext_00328,校园用户00328,2,校园达人,大二,计算机学院,人工智能,北校园,编程|竞赛|考研|社团|实习|课程资料,2024-10-27 12:51:57,1,1,教学区,normal
u_ext_00329,校园用户00329,3,校园达人,研三,外国语学院,日语,珠海校区,科研|租房|招聘|实习,2023-11-23 12:51:57,0,0,图书馆,normal
u_ext_00330,校园用户00330,3,活跃同学,研二,数学学院,信息与计算科学,东校园,招聘|租房|实习|科研,2025-01-01 12:51:57,0,0,校外,normal
u_ext_00331,校园用户00331,5,普通用户,大一,法学院,知识产权,北校园,新生攻略|校园生活|选课|社团,2025-02-26 12:51:57,0,0,校外,normal
u_ext_00332,校园用户00332,3,活跃同学,大一,外国语学院,日语,北校园,新生攻略|选课|校园生活|社团,2025-06-10 12:51:57,0,0,食堂区,normal
u_ext_00333,校园用户00333,2,活跃同学,大三,公共卫生学院,预防医学,南校园,实习|竞赛|考研|保研,2024-12-12 12:51:57,0,0,校外,normal
u_ext_00334,校园用户00334,5,资深坛友,大三,公共卫生学院,公共卫生,北校园,保研|实习|考研|竞赛,2025-07-09 12:51:57,0,0,宿舍区,normal
u_ext_00335,校园用户00335,8,校园达人,研二,外国语学院,翻译,深圳校区,招聘|科研|租房|实习,2023-07-13 12:51:57,0,0,宿舍区,normal
u_ext_00336,校园用户00336,1,校园达人,研一,外国语学院,日语,南校园,招聘|实习|租房|科研,2025-08-20 12:51:57,1,1,教学区,normal
u_ext_00337,校园用户00337,6,资深坛友,研三,公共卫生学院,护理学,北校园,租房|招聘|科研|实习,2024-07-01 12:51:57,0,0,食堂区,normal
u_ext_00338,校园用户00338,1,资深坛友,大三,公共卫生学院,预防医学,珠海校区,实习|保研|考研|竞赛,2025-03-22 12:51:57,0,0,宿舍区,normal
u_ext_00339,校园用户00339,5,校园达人,大一,法学院,法学,北校园,校园生活|社团|选课|新生攻略,2024-01-07 12:51:57,0,0,教学区,normal
u_ext_00340,校园用户00340,1,校园达人,研三,数学学院,统计学,北校园,实习|租房|科研|招聘,2025-12-23 12:51:57,0,0,宿舍区,normal
u_ext_00341,校园用户00341,8,资深坛友,大三,公共卫生学院,护理学,南校园,考研|保研|竞赛|实习,2025-10-27 12:51:57,0,0,教学区,normal
u_ext_00342,校园用户00342,5,资深坛友,大二,管理学院,市场营销,深圳校区,兼职|社团|简历|二手交易|课程资料|就业,2025-03-11 12:51:57,0,0,图书馆,normal
u_ext_00343,校园用户00343,7,资深坛友,大三,法学院,法学,东校园,实习|保研|竞赛|考研,2025-04-06 12:51:57,1,1,宿舍区,normal
u_ext_00344,校园用户00344,7,活跃同学,大四,计算机学院,软件工程,南校园,毕业|租房|二手交易|就业|实习|编程,2024-07-23 12:51:57,1,1,食堂区,normal
u_ext_00345,校园用户00345,8,活跃同学,研三,计算机学院,人工智能,珠海校区,租房|实习|竞赛|考研|编程|招聘,2026-01-08 12:51:57,0,0,图书馆,normal
u_ext_00346,校园用户00346,8,校园达人,研二,数学学院,信息与计算科学,南校园,实习|租房|科研|招聘,2023-05-21 12:51:57,0,0,图书馆,normal
u_ext_00347,校园用户00347,6,资深坛友,研三,法学院,知识产权,东校园,招聘|实习|租房|科研,2023-03-07 12:51:57,0,0,图书馆,normal
u_ext_00348,校园用户00348,5,普通用户,研二,法学院,法学,东校园,实习|招聘|科研|租房,2023-12-17 12:51:57,0,0,教学区,normal
u_ext_00349,校园用户00349,5,资深坛友,研二,医学院,基础医学,北校园,招聘|实习|考研|科研|租房|课程资料,2024-01-22 12:51:57,0,0,教学区,normal
u_ext_00350,校园用户00350,2,校园达人,大二,计算机学院,人工智能,北校园,二手交易|实习|竞赛|课程资料|编程|考研,2024-12-14 12:51:57,0,0,教学区,normal
u_ext_00351,校园用户00351,1,活跃同学,大一,公共卫生学院,预防医学,北校园,校园生活|社团|选课|新生攻略,2024-03-30 12:51:57,0,0,校外,normal
u_ext_00352,校园用户00352,4,校园达人,大三,管理学院,工商管理,北校园,就业|社团|保研|竞赛|实习|考研,2024-08-30 12:51:57,0,0,校外,normal
u_ext_00353,校园用户00353,6,资深坛友,研一,中文系,新闻学,珠海校区,科研|租房|实习|招聘,2025-06-18 12:51:57,0,0,图书馆,normal
u_ext_00354,校园用户00354,3,资深坛友,研三,外国语学院,翻译,南校园,科研|招聘|租房|实习,2025-08-13 12:51:57,0,0,宿舍区,normal
u_ext_00355,校园用户00355,6,资深坛友,大三,数学学院,信息与计算科学,南校园,实习|保研|竞赛|考研,2023-05-16 12:51:57,0,0,食堂区,normal
u_ext_00356,校园用户00356,7,活跃同学,研一,公共卫生学院,预防医学,深圳校区,招聘|租房|实习|科研,2025-06-10 12:51:57,0,0,校外,normal
u_ext_00357,校园用户00357,2,普通用户,大三,外国语学院,英语,珠海校区,保研|实习|竞赛|考研,2024-11-06 12:51:57,0,0,教学区,normal
u_ext_00358,校园用户00358,5,活跃同学,大一,法学院,知识产权,珠海校区,新生攻略|校园生活|社团|选课,2025-08-31 12:51:57,0,0,食堂区,normal
u_ext_00359,校园用户00359,1,校园达人,大三,电子信息学院,电子信息工程,东校园,竞赛|保研|实习|考研,2024-05-05 12:51:57,0,0,图书馆,normal
u_ext_00360,校园用户00360,4,资深坛友,大一,外国语学院,英语,北校园,选课|校园生活|社团|新生攻略,2025-02-28 12:51:57,0,0,食堂区,normal
u_ext_00361,校园用户00361,5,活跃同学,研二,中文系,传播学,深圳校区,租房|科研|招聘|实习,2024-09-07 12:51:57,0,0,图书馆,normal
u_ext_00362,校园用户00362,3,普通用户,大四,外国语学院,英语,东校园,毕业|二手交易|就业|租房,2026-05-08 12:51:57,0,0,食堂区,normal
u_ext_00363,校园用户00363,2,普通用户,大四,医学院,临床医学,珠海校区,实习|考研|二手交易|课程资料|毕业|就业,2024-05-03 12:51:57,1,1,宿舍区,normal
u_ext_00364,校园用户00364,1,普通用户,研二,法学院,知识产权,南校园,招聘|租房|实习|科研,2026-01-21 12:51:57,0,0,校外,normal
u_ext_00365,校园用户00365,5,普通用户,研二,公共卫生学院,护理学,珠海校区,科研|招聘|实习|租房,2024-06-03 12:51:57,0,0,食堂区,normal
u_ext_00366,校园用户00366,4,普通用户,大二,数学学院,数学与应用数学,珠海校区,社团|二手交易|竞赛|课程资料,2026-04-02 12:51:57,0,0,宿舍区,normal
u_ext_00367,校园用户00367,2,活跃同学,研一,管理学院,市场营销,南校园,社团|科研|实习|兼职|简历|租房,2026-05-08 12:51:57,0,0,宿舍区,normal
u_ext_00368,校园用户00368,1,活跃同学,大三,公共卫生学院,预防医学,深圳校区,实习|保研|竞赛|考研,2025-08-22 12:51:57,0,0,宿舍区,normal
u_ext_00369,校园用户00369,8,普通用户,大四,电子信息学院,电子信息工程,深圳校区,二手交易|毕业|就业|租房,2024-05-27 12:51:57,0,0,教学区,normal
u_ext_00370,校园用户00370,5,普通用户,大二,外国语学院,商务英语,深圳校区,竞赛|二手交易|课程资料|社团,2024-11-26 12:51:57,0,0,教学区,normal
u_ext_00371,校园用户00371,3,资深坛友,大三,数学学院,统计学,北校园,考研|保研|竞赛|实习,2024-01-04 12:51:57,0,0,宿舍区,normal
u_ext_00372,校园用户00372,1,资深坛友,大四,数学学院,信息与计算科学,北校园,就业|二手交易|租房|毕业,2026-04-23 12:51:57,0,0,教学区,normal
u_ext_00373,校园用户00373,6,普通用户,大一,公共卫生学院,护理学,北校园,社团|校园生活|选课|新生攻略,2023-03-05 12:51:57,0,0,食堂区,normal
u_ext_00374,校园用户00374,1,普通用户,大一,法学院,知识产权,北校园,新生攻略|社团|选课|校园生活,2024-02-17 12:51:57,0,0,宿舍区,normal
u_ext_00375,校园用户00375,4,校园达人,研二,中文系,汉语言文学,深圳校区,实习|招聘|租房|科研,2024-12-19 12:51:57,1,1,校外,normal
u_ext_00376,校园用户00376,8,活跃同学,大二,医学院,口腔医学,深圳校区,考研|社团|实习|科研|竞赛|课程资料,2024-08-12 12:51:57,0,0,宿舍区,normal
u_ext_00377,校园用户00377,5,资深坛友,研三,中文系,传播学,南校园,招聘|实习|租房|科研,2024-07-22 12:51:57,0,0,教学区,normal
u_ext_00378,校园用户00378,8,校园达人,大三,中文系,传播学,北校园,考研|保研|竞赛|实习,2024-12-31 12:51:57,0,0,食堂区,normal
u_ext_00379,校园用户00379,4,活跃同学,大四,外国语学院,日语,珠海校区,二手交易|就业|毕业|租房,2023-10-10 12:51:57,0,0,教学区,normal
u_ext_00380,校园用户00380,4,校园达人,研一,数学学院,数学与应用数学,东校园,招聘|实习|科研|租房,2023-10-11 12:51:57,0,0,宿舍区,normal
u_ext_00381,校园用户00381,1,活跃同学,大一,外国语学院,日语,东校园,校园生活|选课|新生攻略|社团,2024-06-02 12:51:57,0,0,图书馆,normal
u_ext_00382,校园用户00382,3,活跃同学,大三,中文系,传播学,北校园,竞赛|实习|保研|考研,2024-05-07 12:51:57,0,0,教学区,normal
u_ext_00383,校园用户00383,1,普通用户,研一,法学院,法学,北校园,科研|租房|招聘|实习,2023-07-10 12:51:57,0,0,食堂区,normal
u_ext_00384,校园用户00384,6,校园达人,大一,法学院,知识产权,南校园,社团|校园生活|选课|新生攻略,2023-09-20 12:51:57,0,0,校外,normal
u_ext_00385,校园用户00385,2,普通用户,大四,中文系,传播学,东校园,毕业|二手交易|就业|租房,2023-04-17 12:51:57,1,1,宿舍区,normal
u_ext_00386,校园用户00386,2,校园达人,大一,管理学院,信息管理,北校园,简历|兼职|校园生活|社团|就业|新生攻略,2025-03-20 12:51:57,1,0,图书馆,normal
u_ext_00387,校园用户00387,2,活跃同学,大二,公共卫生学院,护理学,珠海校区,竞赛|课程资料|社团|二手交易,2025-01-10 12:51:57,0,0,宿舍区,normal
u_ext_00388,校园用户00388,8,资深坛友,大二,外国语学院,英语,珠海校区,社团|课程资料|竞赛|二手交易,2024-07-24 12:51:57,0,0,宿舍区,normal
u_ext_00389,校园用户00389,3,活跃同学,研一,外国语学院,商务英语,东校园,实习|科研|招聘|租房,2023-04-10 12:51:57,0,0,校外,normal
u_ext_00390,校园用户00390,6,校园达人,大四,计算机学院,网络工程,北校园,课程资料|竞赛|二手交易|实习|毕业|就业,2025-12-28 12:51:57,0,0,图书馆,normal
u_ext_00391,校园用户00391,5,普通用户,大四,法学院,法学,南校园,租房|毕业|二手交易|就业,2023-07-15 12:51:57,1,0,宿舍区,normal
u_ext_00392,校园用户00392,6,普通用户,研二,电子信息学院,物联网工程,北校园,科研|招聘|实习|租房,2024-01-22 12:51:57,0,0,图书馆,normal
u_ext_00393,校园用户00393,4,校园达人,大二,管理学院,信息管理,珠海校区,社团|兼职|竞赛|二手交易|课程资料|就业,2024-03-28 12:51:57,0,0,图书馆,normal
u_ext_00394,校园用户00394,2,校园达人,大二,医学院,基础医学,珠海校区,科研|课程资料|竞赛|二手交易|实习|考研,2025-09-06 12:51:57,1,1,图书馆,normal
u_ext_00395,校园用户00395,6,活跃同学,大二,法学院,法学,北校园,竞赛|二手交易|社团|课程资料,2023-12-27 12:51:57,0,0,教学区,normal
u_ext_00396,校园用户00396,2,普通用户,研一,外国语学院,日语,北校园,科研|实习|租房|招聘,2025-08-27 12:51:57,0,0,宿舍区,normal
u_ext_00397,校园用户00397,3,普通用户,大三,电子信息学院,通信工程,南校园,考研|实习|竞赛|保研,2024-03-30 12:51:57,0,0,教学区,normal
u_ext_00398,校园用户00398,1,活跃同学,研三,计算机学院,信息安全,南校园,课程资料|招聘|实习|科研|编程|竞赛,2023-12-22 12:51:57,0,0,宿舍区,normal
u_ext_00399,校园用户00399,4,普通用户,大四,公共卫生学院,护理学,南校园,毕业|二手交易|租房|就业,2024-08-30 12:51:57,0,0,图书馆,normal
u_ext_00400,校园用户00400,8,校园达人,大二,法学院,知识产权,珠海校区,社团|课程资料|竞赛|二手交易,2024-11-18 12:51:57,1,1,图书馆,normal
u_ext_00401,校园用户00401,6,校园达人,研二,中文系,新闻学,珠海校区,实习|招聘|科研|租房,2024-11-27 12:51:57,0,0,食堂区,normal
u_ext_00402,校园用户00402,5,校园达人,大三,管理学院,市场营销,东校园,竞赛|就业|简历|社团|实习|考研,2025-08-03 12:51:57,0,0,宿舍区,normal
u_ext_00403,校园用户00403,3,资深坛友,研一,计算机学院,人工智能,南校园,课程资料|实习|科研|招聘|考研|租房,2023-10-09 12:51:57,0,0,食堂区,normal
u_ext_00404,校园用户00404,2,活跃同学,研三,数学学院,统计学,珠海校区,实习|租房|科研|招聘,2023-11-17 12:51:57,1,0,食堂区,normal
u_ext_00405,校园用户00405,4,活跃同学,大三,外国语学院,日语,东校园,保研|考研|竞赛|实习,2025-12-02 12:51:57,1,1,食堂区,normal
u_ext_00406,校园用户00406,6,校园达人,研三,数学学院,数学与应用数学,东校园,招聘|科研|租房|实习,2026-03-07 12:51:57,0,0,校外,normal
u_ext_00407,校园用户00407,8,校园达人,大二,公共卫生学院,公共卫生,珠海校区,竞赛|二手交易|课程资料|社团,2023-05-03 12:51:57,0,0,教学区,normal
u_ext_00408,校园用户00408,3,校园达人,研三,管理学院,会计学,南校园,简历|就业|实习|招聘|租房|社团,2024-03-23 12:51:57,0,0,图书馆,normal
u_ext_00409,校园用户00409,5,普通用户,大一,医学院,口腔医学,北校园,校园生活|科研|实习|新生攻略|社团|考研,2024-05-08 12:51:57,1,0,宿舍区,normal
u_ext_00410,校园用户00410,4,活跃同学,大四,管理学院,会计学,珠海校区,就业|社团|毕业|简历|租房|二手交易,2026-03-23 12:51:57,1,1,图书馆,normal
u_ext_00411,校园用户00411,7,普通用户,大四,计算机学院,信息安全,南校园,编程|租房|竞赛|考研|实习|课程资料,2025-04-13 12:51:57,0,0,食堂区,normal
u_ext_00412,校园用户00412,2,资深坛友,研二,医学院,基础医学,深圳校区,实习|考研|招聘|科研|课程资料|租房,2025-08-24 12:51:57,0,0,图书馆,normal
u_ext_00413,校园用户00413,6,普通用户,研三,法学院,法学,北校园,科研|实习|租房|招聘,2024-04-11 12:51:57,0,0,校外,normal
u_ext_00414,校园用户00414,2,资深坛友,研一,电子信息学院,自动化,珠海校区,科研|实习|租房|招聘,2023-07-31 12:51:57,0,0,食堂区,normal
u_ext_00415,校园用户00415,1,活跃同学,大二,法学院,知识产权,北校园,社团|二手交易|竞赛|课程资料,2026-03-06 12:51:57,0,0,教学区,normal
u_ext_00416,校园用户00416,4,普通用户,大三,电子信息学院,电子信息工程,东校园,考研|实习|竞赛|保研,2026-05-22 12:51:57,0,0,校外,normal
u_ext_00417,校园用户00417,8,资深坛友,大二,外国语学院,商务英语,深圳校区,二手交易|社团|课程资料|竞赛,2023-12-22 12:51:57,0,0,校外,normal
u_ext_00418,校园用户00418,3,普通用户,研二,管理学院,信息管理,南校园,兼职|招聘|租房|社团|就业|简历,2025-10-06 12:51:57,1,1,校外,normal
u_ext_00419,校园用户00419,2,资深坛友,大一,电子信息学院,电子信息工程,珠海校区,新生攻略|选课|校园生活|社团,2023-07-24 12:51:57,0,0,宿舍区,normal
u_ext_00420,校园用户00420,1,普通用户,研三,数学学院,数学与应用数学,东校园,科研|招聘|租房|实习,2023-09-22 12:51:57,0,0,教学区,normal
u_ext_00421,校园用户00421,7,普通用户,大三,计算机学院,网络工程,北校园,实习|竞赛|考研|保研|编程|课程资料,2024-09-13 12:51:57,0,0,宿舍区,normal
u_ext_00422,校园用户00422,5,资深坛友,研二,外国语学院,商务英语,深圳校区,租房|招聘|科研|实习,2023-10-21 12:51:57,0,0,图书馆,normal
u_ext_00423,校园用户00423,5,活跃同学,研三,外国语学院,商务英语,南校园,招聘|科研|实习|租房,2023-10-24 12:51:57,1,1,教学区,normal
u_ext_00424,校园用户00424,8,活跃同学,大三,中文系,汉语言文学,南校园,保研|实习|竞赛|考研,2024-05-19 12:51:57,0,0,宿舍区,normal
u_ext_00425,校园用户00425,3,资深坛友,研三,医学院,口腔医学,东校园,招聘|考研|课程资料|科研|租房|实习,2026-02-17 12:51:57,0,0,图书馆,normal
u_ext_00426,校园用户00426,1,活跃同学,大二,电子信息学院,通信工程,南校园,二手交易|社团|竞赛|课程资料,2023-08-24 12:51:57,0,0,宿舍区,normal
u_ext_00427,校园用户00427,5,校园达人,研二,电子信息学院,自动化,南校园,实习|租房|招聘|科研,2024-06-08 12:51:57,0,0,校外,normal
u_ext_00428,校园用户00428,4,活跃同学,大四,外国语学院,英语,北校园,毕业|租房|二手交易|就业,2024-05-13 12:51:57,1,1,教学区,normal
u_ext_00429,校园用户00429,4,普通用户,研一,医学院,基础医学,南校园,招聘|考研|租房|课程资料|科研|实习,2023-12-31 12:51:57,1,1,校外,normal
u_ext_00430,校园用户00430,2,校园达人,研二,数学学院,信息与计算科学,北校园,科研|实习|租房|招聘,2025-09-30 12:51:57,0,0,教学区,normal
u_ext_00431,校园用户00431,5,普通用户,大四,电子信息学院,自动化,南校园,租房|毕业|就业|二手交易,2023-03-28 12:51:57,0,0,图书馆,normal
u_ext_00432,校园用户00432,6,资深坛友,研三,电子信息学院,物联网工程,珠海校区,实习|科研|租房|招聘,2024-11-26 12:51:57,0,0,校外,normal
u_ext_00433,校园用户00433,1,资深坛友,研一,公共卫生学院,公共卫生,北校园,租房|实习|科研|招聘,2024-08-10 12:51:57,0,0,宿舍区,normal
u_ext_00434,校园用户00434,5,活跃同学,大二,电子信息学院,通信工程,深圳校区,课程资料|竞赛|二手交易|社团,2024-03-24 12:51:57,0,0,教学区,normal
u_ext_00435,校园用户00435,2,资深坛友,大四,数学学院,统计学,珠海校区,毕业|租房|就业|二手交易,2025-04-06 12:51:57,0,0,宿舍区,normal
u_ext_00436,校园用户00436,6,活跃同学,研二,计算机学院,网络工程,深圳校区,课程资料|科研|招聘|实习|考研|租房,2025-09-17 12:51:57,0,0,宿舍区,normal
u_ext_00437,校园用户00437,5,普通用户,大三,公共卫生学院,护理学,东校园,实习|竞赛|保研|考研,2023-09-25 12:51:57,1,1,食堂区,normal
u_ext_00438,校园用户00438,3,校园达人,大二,外国语学院,翻译,南校园,竞赛|社团|课程资料|二手交易,2023-04-03 12:51:57,0,0,教学区,normal
u_ext_00439,校园用户00439,1,资深坛友,大一,数学学院,统计学,东校园,校园生活|选课|新生攻略|社团,2023-03-24 12:51:57,0,0,教学区,normal
u_ext_00440,校园用户00440,1,校园达人,大二,数学学院,数学与应用数学,北校园,课程资料|二手交易|社团|竞赛,2023-09-19 12:51:57,0,0,教学区,normal
u_ext_00441,校园用户00441,3,普通用户,研二,中文系,汉语言文学,深圳校区,招聘|实习|科研|租房,2025-02-02 12:51:57,1,1,食堂区,normal
u_ext_00442,校园用户00442,7,普通用户,大三,计算机学院,网络工程,南校园,课程资料|考研|实习|竞赛|保研|编程,2024-03-18 12:51:57,0,0,食堂区,normal
u_ext_00443,校园用户00443,2,普通用户,研一,电子信息学院,物联网工程,东校园,实习|科研|租房|招聘,2026-02-11 12:51:57,0,0,食堂区,normal
u_ext_00444,校园用户00444,4,校园达人,大二,数学学院,统计学,北校园,二手交易|社团|竞赛|课程资料,2026-01-23 12:51:57,0,0,图书馆,normal
u_ext_00445,校园用户00445,2,活跃同学,大三,医学院,临床医学,深圳校区,竞赛|保研|课程资料|考研|科研|实习,2025-09-22 12:51:57,0,0,教学区,normal
u_ext_00446,校园用户00446,8,普通用户,大一,管理学院,信息管理,北校园,就业|简历|新生攻略|校园生活|社团|选课,2023-12-03 12:51:57,1,1,食堂区,normal
u_ext_00447,校园用户00447,1,活跃同学,研一,管理学院,市场营销,东校园,招聘|兼职|社团|实习|租房|就业,2024-09-10 12:51:57,0,0,宿舍区,normal
u_ext_00448,校园用户00448,8,普通用户,大四,电子信息学院,通信工程,深圳校区,二手交易|毕业|就业|租房,2025-01-05 12:51:57,1,1,教学区,normal
u_ext_00449,校园用户00449,1,资深坛友,研三,数学学院,信息与计算科学,珠海校区,科研|招聘|实习|租房,2025-08-10 12:51:57,0,0,宿舍区,normal
u_ext_00450,校园用户00450,4,资深坛友,研一,法学院,知识产权,东校园,实习|科研|招聘|租房,2023-12-03 12:51:57,0,0,宿舍区,normal
u_ext_00451,校园用户00451,8,活跃同学,研三,法学院,知识产权,珠海校区,实习|租房|招聘|科研,2024-12-05 12:51:57,0,0,食堂区,normal
u_ext_00452,校园用户00452,2,普通用户,大一,管理学院,会计学,南校园,校园生活|兼职|选课|社团|新生攻略|就业,2023-07-05 12:51:57,0,0,宿舍区,normal
u_ext_00453,校园用户00453,7,资深坛友,大二,管理学院,会计学,南校园,就业|社团|兼职|课程资料|简历|竞赛,2025-02-22 12:51:57,0,0,食堂区,normal
u_ext_00454,校园用户00454,1,普通用户,研三,计算机学院,数据科学,北校园,编程|竞赛|课程资料|招聘|科研|租房,2024-12-23 12:51:57,0,0,教学区,normal
u_ext_00455,校园用户00455,1,活跃同学,研二,计算机学院,人工智能,北校园,招聘|课程资料|考研|实习|租房|竞赛,2023-06-22 12:51:57,0,0,宿舍区,normal
u_ext_00456,校园用户00456,6,资深坛友,大一,管理学院,工商管理,深圳校区,校园生活|兼职|社团|简历|选课|就业,2026-04-24 12:51:57,0,0,教学区,normal
u_ext_00457,校园用户00457,4,普通用户,大一,计算机学院,软件工程,深圳校区,校园生活|社团|新生攻略|实习|考研|选课,2024-06-23 12:51:57,0,0,宿舍区,normal
u_ext_00458,校园用户00458,3,资深坛友,大四,计算机学院,人工智能,深圳校区,竞赛|实习|毕业|租房|考研|课程资料,2025-11-29 12:51:57,0,0,图书馆,normal
u_ext_00459,校园用户00459,6,普通用户,大一,法学院,知识产权,深圳校区,校园生活|选课|社团|新生攻略,2023-07-21 12:51:57,0,0,宿舍区,normal
u_ext_00460,校园用户00460,1,校园达人,研三,中文系,汉语言文学,深圳校区,招聘|实习|科研|租房,2024-08-21 12:51:57,1,1,教学区,normal
u_ext_00461,校园用户00461,3,普通用户,研三,数学学院,数学与应用数学,深圳校区,租房|招聘|科研|实习,2023-03-24 12:51:57,0,0,宿舍区,normal
u_ext_00462,校园用户00462,3,活跃同学,大三,管理学院,工商管理,东校园,实习|保研|社团|考研|兼职|就业,2023-05-24 12:51:57,0,0,图书馆,normal
u_ext_00463,校园用户00463,4,资深坛友,大一,医学院,口腔医学,东校园,选课|校园生活|实习|新生攻略|课程资料|社团,2023-10-25 12:51:57,0,0,食堂区,normal
u_ext_00464,校园用户00464,8,普通用户,大二,计算机学院,软件工程,北校园,考研|编程|课程资料|竞赛|社团|实习,2026-02-15 12:51:57,0,0,教学区,normal
u_ext_00465,校园用户00465,6,资深坛友,研一,公共卫生学院,公共卫生,珠海校区,招聘|租房|实习|科研,2025-08-14 12:51:57,0,0,教学区,normal
u_ext_00466,校园用户00466,1,校园达人,大四,中文系,传播学,东校园,租房|毕业|二手交易|就业,2026-01-29 12:51:57,0,0,教学区,normal
u_ext_00467,校园用户00467,1,活跃同学,大一,中文系,汉语言文学,深圳校区,新生攻略|社团|选课|校园生活,2024-11-23 12:51:57,0,0,宿舍区,normal
u_ext_00468,校园用户00468,3,校园达人,研三,电子信息学院,通信工程,南校园,实习|租房|招聘|科研,2025-10-28 12:51:57,0,0,宿舍区,normal
u_ext_00469,校园用户00469,5,校园达人,大二,医学院,口腔医学,东校园,课程资料|考研|二手交易|竞赛|社团|科研,2026-04-09 12:51:57,0,0,食堂区,normal
u_ext_00470,校园用户00470,6,活跃同学,研三,计算机学院,网络工程,南校园,招聘|科研|竞赛|租房|编程|课程资料,2024-12-17 12:51:57,0,0,教学区,normal
u_ext_00471,校园用户00471,8,资深坛友,研三,数学学院,信息与计算科学,南校园,租房|招聘|科研|实习,2023-03-07 12:51:57,0,0,校外,normal
u_ext_00472,校园用户00472,4,普通用户,研二,电子信息学院,通信工程,南校园,招聘|实习|租房|科研,2024-07-21 12:51:57,0,0,食堂区,normal
u_ext_00473,校园用户00473,2,活跃同学,大四,计算机学院,软件工程,南校园,二手交易|实习|考研|租房|课程资料|编程,2023-09-06 12:51:57,0,0,食堂区,normal
u_ext_00474,校园用户00474,1,普通用户,大一,中文系,汉语言文学,北校园,社团|校园生活|选课|新生攻略,2024-03-15 12:51:57,0,0,宿舍区,normal
u_ext_00475,校园用户00475,7,活跃同学,大三,管理学院,工商管理,珠海校区,简历|社团|考研|竞赛|兼职|就业,2024-04-07 12:51:57,0,0,宿舍区,normal
u_ext_00476,校园用户00476,4,活跃同学,大一,法学院,法学,北校园,新生攻略|选课|社团|校园生活,2023-12-29 12:51:57,0,0,图书馆,normal
u_ext_00477,校园用户00477,2,资深坛友,大三,中文系,汉语言文学,东校园,竞赛|考研|实习|保研,2023-11-02 12:51:57,0,0,校外,normal
u_ext_00478,校园用户00478,7,校园达人,研一,外国语学院,商务英语,珠海校区,实习|租房|招聘|科研,2023-03-22 12:51:57,0,0,校外,normal
u_ext_00479,校园用户00479,5,普通用户,研二,计算机学院,信息安全,东校园,竞赛|科研|编程|课程资料|租房|招聘,2023-09-18 12:51:57,1,0,教学区,normal
u_ext_00480,校园用户00480,3,校园达人,研三,外国语学院,翻译,北校园,科研|实习|招聘|租房,2024-02-05 12:51:57,1,0,教学区,normal
u_ext_00481,校园用户00481,1,活跃同学,研一,中文系,传播学,北校园,实习|租房|招聘|科研,2024-11-15 12:51:57,0,0,食堂区,normal
u_ext_00482,校园用户00482,7,活跃同学,大二,公共卫生学院,护理学,东校园,课程资料|竞赛|二手交易|社团,2025-10-02 12:51:57,0,0,食堂区,normal
u_ext_00483,校园用户00483,1,资深坛友,大三,外国语学院,翻译,东校园,竞赛|考研|实习|保研,2025-05-30 12:51:57,0,0,教学区,normal
u_ext_00484,校园用户00484,8,活跃同学,大三,管理学院,市场营销,珠海校区,社团|兼职|考研|实习|竞赛|保研,2025-08-08 12:51:57,0,0,宿舍区,normal
u_ext_00485,校园用户00485,1,活跃同学,大三,医学院,临床医学,南校园,科研|竞赛|实习|保研|考研|课程资料,2024-04-21 12:51:57,0,0,校外,normal
u_ext_00486,校园用户00486,7,普通用户,研三,法学院,知识产权,深圳校区,招聘|科研|实习|租房,2023-03-19 12:51:57,1,1,食堂区,normal
u_ext_00487,校园用户00487,2,活跃同学,大一,中文系,新闻学,东校园,选课|校园生活|社团|新生攻略,2024-06-25 12:51:57,1,0,食堂区,normal
u_ext_00488,校园用户00488,3,活跃同学,大二,法学院,知识产权,东校园,竞赛|二手交易|课程资料|社团,2025-03-26 12:51:57,0,0,图书馆,normal
u_ext_00489,校园用户00489,4,普通用户,大四,电子信息学院,自动化,珠海校区,租房|毕业|二手交易|就业,2023-09-26 12:51:57,1,1,校外,normal
u_ext_00490,校园用户00490,5,活跃同学,研一,电子信息学院,电子信息工程,南校园,科研|招聘|实习|租房,2023-03-08 12:51:57,0,0,宿舍区,normal
u_ext_00491,校园用户00491,6,活跃同学,大三,外国语学院,商务英语,深圳校区,实习|考研|保研|竞赛,2024-08-02 12:51:57,0,0,校外,normal
u_ext_00492,校园用户00492,6,活跃同学,研二,计算机学院,数据科学,深圳校区,竞赛|实习|编程|招聘|租房|科研,2026-01-27 12:51:57,0,0,食堂区,normal
u_ext_00493,校园用户00493,7,资深坛友,研一,公共卫生学院,预防医学,东校园,招聘|租房|科研|实习,2023-08-02 12:51:57,0,0,校外,normal
u_ext_00494,校园用户00494,7,活跃同学,研二,中文系,汉语言文学,深圳校区,租房|实习|科研|招聘,2024-11-26 12:51:57,0,0,图书馆,normal
u_ext_00495,校园用户00495,2,普通用户,大二,管理学院,信息管理,北校园,兼职|二手交易|简历|竞赛|社团|就业,2024-08-01 12:51:57,0,0,教学区,normal
u_ext_00496,校园用户00496,6,校园达人,大三,电子信息学院,自动化,珠海校区,考研|实习|保研|竞赛,2024-06-27 12:51:57,0,0,宿舍区,normal
u_ext_00497,校园用户00497,2,普通用户,研二,管理学院,工商管理,东校园,社团|实习|就业|简历|招聘|租房,2023-11-22 12:51:57,0,0,校外,normal
u_ext_00498,校园用户00498,2,校园达人,大二,医学院,临床医学,北校园,实习|考研|竞赛|二手交易|社团|科研,2025-11-25 12:51:57,0,0,图书馆,normal
u_ext_00499,校园用户00499,6,资深坛友,大二,医学院,临床医学,珠海校区,二手交易|实习|社团|课程资料|竞赛|科研,2024-08-17 12:51:57,1,1,宿舍区,normal
u_ext_00500,校园用户00500,3,活跃同学,大一,公共卫生学院,护理学,东校园,社团|校园生活|新生攻略|选课,2023-03-17 12:51:57,1,1,宿舍区,normal
