user_id,long_term_tags,short_term_tags,preferred_boards,active_time_period,preferred_location,learning_interest_weight,life_interest_weight,social_interest_weight,career_interest_weight,avg_dwell_time,click_rate,like_rate,collect_rate,comment_rate,last_update_time
dzQ5OWFZU1Rsb0NBdU5DMGlxR3dpSVMzYXJHR2VZZHBsNHVoYllWK3RjNnprSDJ4aWMzSWE1S21ycmlHaTd1bWZKS0FqNFoyb29lSWlXSjI=,给分|老师|课程评价|校园卡|求问|打印店|课程资料|南校,给分|老师|课程评价|求问|校园卡|南校,课程评价|问答求助|学习交流|二手交易,早上,教学区,0.870213,0.129787,0.0,0.0,61.9,0.25974,0.038961,0.0,0.064935,2026-06-03 14:50:12
dHFWNWU0ZVV5YTZFdHJuWGhxL09xNGVub1dxSWhxRm9pV2Q0am9sc3o4REdwbjJrZ2F2Tmg0U290ckdVWjd5Qmk4eUVqcHA0Zkd1SmlXSjI=,二手交易|教材|闲置|电动车|租房|南校|宿舍|课程资料,二手交易|教材|电动车|闲置|租房,二手交易|问答求助|校园生活,早上,教学区,0.0,1.0,0.0,0.0,73.375,0.150943,0.056604,0.056604,0.018868,2026-06-03 14:50:12
dTVDWHJKZk51MzkvcHFhbWlhTzhoSmFvbG95YWlJeVJsb3BqcUlHenBKbXdqcDZ3aWREWXFJZVMwTmFCWnM1bmhxZHFhWnlHZ0lLRmlXSjI=,二手交易|闲置|电动车|教材|租房,二手交易|闲置|电动车|教材|租房,二手交易,早上,教学区,0.0,0.0,0.0,0.0,88.0,0.155556,0.044444,0.022222,0.022222,2026-06-03 14:50:12
dTRDQnNZTzZ4WXlVdXRETWhLK2tnWWlscGErYVpJaXJncDVxYll5Qng2NjFqcGF5bDdqRmE1S3F2cmlHb2M1a2k4K3FnWngyWjZtTnIySjI=,校园卡|宿舍|求问|课程资料|打印店|租房|二手交易|电动车,校园卡|宿舍,问答求助|二手交易,深夜,教学区,0.352777,0.647223,0.0,0.0,68.071429,0.241379,0.034483,0.068966,0.034483,2026-06-03 14:50:12
cjdLWGpuK1V5R2VTcWNpdWwzcXduWWVTcG95T2hwNXJpWXQ0Zkl5Tng3aTJmbzF1aExpYWJJUzUxNWFXWjgxcGxiZUloSnVGZjJ1SmlXSjI=,校园卡|课程资料|求问|打印店|宿舍,校园卡|课程资料|求问|打印店|宿舍,问答求助,深夜,教学区,0.0,0.0,0.0,0.0,73.9375,0.231884,0.014493,0.057971,0.0,2026-06-03 14:50:12
dFd0MWZJbXFxNnVFcDZuWGdhQ3ZxNU9uZUlxUnE0eCtobjJFZ1p1bnZhNnlhSG1xbDZpV25vZTJ6NUtJWjZlc2tyZUFib2hobm4rSWlXSjI=,闲置|二手交易|电动车|教材|租房|搭子|交友|宿舍,闲置|电动车|二手交易|教材,二手交易|恋爱交友|校园生活|问答求助,深夜,教学区,0.0,0.0,0.0,0.0,62.071429,0.208955,0.059701,0.014925,0.0,2026-06-03 14:50:12
cm55Qm1uNlRrcTZJemJhVWYyV3JwcFNWaUtlWW5xNm1sb3VBaEpocjBwYTZwSTE5aTdxcmdaS3Fzc3lZZk1xQWs1UmpwNDFrbm15R2lXSjI=,校园卡|求问|宿舍|课程资料|打印店|薪资|家教|实习,校园卡|求问|宿舍|课程资料|打印店|薪资,问答求助|兼职实习,早上,教学区,0.813937,0.126169,0.0,0.059894,65.583333,0.218182,0.109091,0.0,0.054545,2026-06-03 14:50:12
dEtLYm1vTzYwWjZMdDlTNmdYdk5yWVNvb3FTTGRaMnZoYUdhb29pUnJkbXpqbjJObHJpWmE0VzV1clNZaXNsa2xiZUVhb1dlZktXWXIySjI=,求问|校园卡|宿舍|打印店|课程资料,求问|校园卡|宿舍|打印店|课程资料,问答求助,早上,教学区,0.0,0.0,0.0,0.0,83.222222,0.155172,0.086207,0.017241,0.0,2026-06-03 14:50:12
c3FLZnFaZTQxWitTekxLdGlYck9oSVdVWXJHUmhaNkNqcUpqZjVlaW5OWERhSjl1Z0x1em40VE9wcE9Kbjg2Z2dyaWVib2FJYjZXSWlXSjI=,求问|校园卡|宿舍|打印店|课程资料|图书馆,求问|校园卡|宿舍|打印店|课程资料|图书馆,问答求助,晚上,教学区,0.0,0.0,0.0,0.0,56.666667,0.12,0.12,0.0,0.02,2026-06-03 14:50:12
eEpDYnE0UFB5WjZMemN6SmxxSzBkNVBNbWJHS2g0Ujhqbmltc0lTenlwaTNzb1ZyZ05HanFvT3FwZHQvWnJ5RWt0eDRwSXFlb3FDR2lXSjI=,校园卡|求问|课程资料|宿舍|打印店|租房|东校|图书馆,校园卡|打印店,问答求助,早上,教学区,0.611059,0.388941,0.0,0.0,63.545455,0.171875,0.09375,0.046875,0.03125,2026-06-03 14:50:12
eGFXcXNYK1Z0Nk4vdWN5cmxXaXJyb0tWaEhxWm41cURobnVpc1lxbXg1eXphR2lTak4zTmE0ZVQxTktWZTgydGhaUmpyWTUwYjRXV3IySjI=,求问|校园卡|图书馆|二手交易|闲置|教材|租房|活动,求问|校园卡|图书馆|二手交易|闲置|教材,问答求助|二手交易|社团活动,晚上,教学区,0.0,0.0,1.0,0.0,66.1,0.196078,0.039216,0.019608,0.019608,2026-06-03 14:50:12
cjVCNGE0ek5wNjZGenE3VGpXZTNaSC9PYzZxRmVJaXRpbnBucm9scXp0MjFnSUdobHJpbnNJV3AzS3lCb2M2bmc3aDByWTEzZjJxV3IySjI=,校园卡|求问|打印店|宿舍|课程资料,校园卡|求问|打印店|宿舍|课程资料,问答求助,深夜,教学区,0.0,1.0,0.0,0.0,57.7,0.181818,0.054545,0.036364,0.054545,2026-06-03 14:50:12
cjMrRms1ZXJyNE4vcWR2YWlJdktySkxjbHFlTG5hYXJpNkdpajVxbTA2KzFrSFd6bHMrN281UFF0cTZJZTZTRGdMcUxhWkNkZkdpQ2VXSjI=,二手交易|闲置|校园卡|教学楼|租房|教材|电动车|东校,二手交易|闲置|校园卡|教学楼|租房|教材,二手交易|失物招领|考研保研,早上,教学区,0.0,0.0,0.0,0.0,61.307692,0.1625,0.05,0.025,0.05,2026-06-03 14:50:12
dG9DanFaZlJ0bWFMcHJLV2dHZXdqSk9tZ0tpTFpJQ0VtR2VxcElTTno3N0RnSDJ0aGFxVnFIN1Fxc3lWZXM2R2hicUlySXVyaUkrSGlXSjI=,交友|搭子|拍照|羽毛球|活动|志愿服务|社团|校园卡,羽毛球|拍照|搭子|交友|活动,恋爱交友|社团活动|问答求助,晚上,教学区,0.0,0.0,1.0,0.0,81.615385,0.175676,0.054054,0.0,0.013514,2026-06-03 14:50:12
eFdwb29wZlJ5YStGazYyVmdLTFNpSlMyakxLTWQ2WnRsbnhuYm95T3k2eTNwcHF5Zjg3RmpvYTVxc3lJakplRWk1V0VxNW1jZ0s2Q2VXSjI=,校园卡|宿舍|课程资料|求问|打印店,校园卡|求问|课程资料|打印店|宿舍,问答求助,早上,教学区,0.700457,0.299543,0.0,0.0,72.117647,0.25,0.058824,0.029412,0.044118,2026-06-03 14:50:12
czQrRmdaV3IwWW1FcHNpa2xwK2tycFduZUt1WVpKcUFqb2w4ajQyT25LeTRqWmVUZnBQVWFuK1NzdEdHbjg1K2k4MkVzSm1GaUhxRmlXSjI=,求问|校园卡|课程资料|打印店|宿舍|租房,求问|校园卡|课程资料|打印店|宿舍|租房,问答求助,深夜,教学区,0.371869,0.628131,0.0,0.0,66.166667,0.090909,0.075758,0.030303,0.015152,2026-06-03 14:50:12
dFpDSWJaTzVwMzE4M016U2g0MmpaWlNUZTIyRlk0ZHRqWXVFb1krbnFONjRmSit5aTlDVnJvdVMzSmVVaTZldWk2aU1wbzE0a0lDQmVXSjI=,交友|活动|搭子|羽毛球|志愿服务|拍照|招新|社团,交友|活动|搭子|羽毛球|志愿服务|拍照,恋爱交友|社团活动|课程评价|校园生活,中午,教学区,0.0,0.0,0.0,0.0,71.6875,0.231884,0.057971,0.014493,0.0,2026-06-03 14:50:12
cjJtanNZVzdzNHVBcUxYWWlvckthWWpNaDZxTlpKNkdobWlWcTRtUno1bkNzcCt1aWJmTmUzNlYwOXFVcnRhZWxLaDhqcHAzZUsrWHIySjI=,校园卡|求问|打印店|课程资料|宿舍|食堂|校园生活|窗口测评,校园卡|求问|打印店|课程资料|宿舍|校园生活,问答求助|食堂生活|校园生活,深夜,教学区,0.0,0.0,0.0,0.0,75.916667,0.226415,0.0,0.018868,0.018868,2026-06-03 14:50:12
dG42TnEzL091NHVTMEw3T2w2RzRaNVducHFtRlluOXJnNHg0aTRoOXk5M0RwbldEaEpXNmFKVzV0cldIWjlxS2lNNmVvSVdybXFxQmVXSjI=,闲置|二手交易|租房|教材|电动车|南校|求问|校园卡,二手交易|闲置,二手交易|问答求助|恋爱交友,早上,教学区,0.0,0.0,0.0,0.0,79.5,0.129032,0.096774,0.0,0.016129,2026-06-03 14:50:12
cjMrZWFZV1dxNHAva3REYmhhK25hSU8yaDYrS2RLcUxqbnFpcEpxQnJhNjJpNmV3aExtemlJcVR1cVNZamJTZWxybW1qWnVhYjRtRmlXSjI=,求问|校园卡|教材|租房|二手交易|闲置|电动车|课程资料,求问|校园卡|教材|租房|二手交易|闲置,问答求助|二手交易|校园生活,下午,教学区,0.0,0.0,0.0,0.0,48.285714,0.114754,0.032787,0.016393,0.0,2026-06-03 14:50:12
c294NW9veTdwNWVUenJIVGlveTBlNVRQWW1pWW0zaWhpbnVhaEl5a25NQzNqNmRxaTdtdnJJdTV1cW1FaXBlVmdzMTNhb21yZkg2WXIySjI=,求问|宿舍|校园卡|打印店|交友|搭子|拍照|羽毛球,搭子|拍照|羽毛球|交友|活动,问答求助|恋爱交友|校园生活,晚上,教学区,0.0,1.0,0.0,0.0,78.764706,0.278689,0.081967,0.032787,0.04918,2026-06-03 14:50:12
dzZXQmdJTzZsckNGdDVXcWZtaWtxSk81aUt1RmlZK3dpcUdhanBxbHZiKzBwWDE5bHFqSXJJS1VxdEdZbjdoN2c5dHJzbzJjaEltS2lXSjI=,校园卡|求问|宿舍|课程资料|打印店|闲置|电动车|东校,校园卡|求问|宿舍|课程资料|打印店|闲置,问答求助|二手交易,深夜,教学区,0.0,1.0,0.0,0.0,75.642857,0.21875,0.09375,0.046875,0.015625,2026-06-03 14:50:12
dDN5QmZJbXF1cXlFME5DcGxxT29sWktwWTRpSW5tNnhnR1dMc0ppQXl0eXpqWUdFbHBXdVozNm4xTktJaksrdWZ0Q2FnNXQxb29hSWlXSjI=,二手交易|电动车|闲置|租房|教材|课程评价|选课|期末,电动车|二手交易,二手交易|课程评价|问答求助,早上,教学区,0.0,0.0,0.0,0.0,81.545455,0.203704,0.037037,0.0,0.037037,2026-06-03 14:50:12
czQrTmdYK3FyNFdVcDh6S2xvcXdoNVRNZUdpUmQ1MXFsbWVIc1lPbHZidTFhNStSbHFtbmk0dTFuWldYb05LRmZOeUlpWnA1ZkllVnIySjI=,求问|校园卡|宿舍|打印店|课程资料|租房|闲置|教材,求问|校园卡|宿舍|打印店|课程资料|租房,问答求助|二手交易,早上,教学区,0.0,0.0,0.0,0.0,77.6,0.192308,0.076923,0.057692,0.019231,2026-06-03 14:50:12
d29DSWJJelBvNHlGemN2WGluck5xNWJPaEthWlk1Q29ncU9NZ3BlTng2KzdnSnB0aDZldXI0ZTQxTmlDZkp1ZmhOQjhtWW1maDZxRGVXSjI=,二手交易|闲置|教材|租房|电动车|求问|校园卡|宿舍,闲置|租房|教材|二手交易,二手交易|问答求助,深夜,教学区,1.0,0.0,0.0,0.0,68.090909,0.183333,0.05,0.066667,0.033333,2026-06-03 14:50:12
dHBCMW81U254WDZEemEyVmhhRGFkbjdPZ0lDUllwbHBsNHFtb1l0OXJiVERzb0J0ZjVhM2lwYTYwOU9WZkp0NWxLaUFqWkYwYjRlSWlXSjI=,求问|校园卡|课程资料|打印店|宿舍|校车,求问|校园卡|课程资料|打印店|宿舍|校车,问答求助|校园生活,深夜,教学区,0.0,0.0,0.0,0.0,81.571429,0.208955,0.044776,0.029851,0.014925,2026-06-03 14:50:12
cm55WHBYKzZ4WVdWbGJxcmpLS3dkbituWjdLRnEzeUNoMlY4ZjVpbXo5Q3pvbld4aHJ1cnI0V1QxSzJXamNhT2xybUloSVdhcW5xWHIySjI=,闲置|二手交易|租房|教材|电动车|求问|宿舍|校园卡,租房|闲置|二手交易|电动车|教材,二手交易|问答求助,深夜,教学区,0.0,1.0,0.0,0.0,58.3,0.2,0.1,0.02,0.0,2026-06-03 14:50:12
dzQrWGhaYTV6V3FGdDlUTGdudW9yb1dUbld5TmhvQnFqbWlJcTQrbXk5SERwcHVobFpYVmdZYXBsYWlHZkp0K2hhcUVlcHVjWnFxRGVXSjI=,二手交易|闲置|教材|租房|电动车|南校|宿舍|课程资料,二手交易|闲置|教材|租房|电动车|南校,二手交易|问答求助,早上,教学区,1.0,0.0,0.0,0.0,71.692308,0.206349,0.031746,0.015873,0.047619,2026-06-03 14:50:12
dUtSNWI0UzNxbWFTcU5DN2w2SzBwNUxQcW9lWW5LMnhpWXBtYkltQnRhckNhcU9qaTg2N2ZwSzUzTmVZaXE5bGdwSjRhWkdkcHF1S2lXSjI=,交友|搭子|拍照|活动|羽毛球|志愿服务|招新|社团,搭子|羽毛球|活动|拍照|交友,恋爱交友|社团活动|兼职实习|问答求助,深夜,教学区,0.0,0.0,0.884907,0.115093,93.857143,0.111111,0.047619,0.047619,0.015873,2026-06-03 14:50:12
dzQ5b2JJYTYwWXVLdHN5cGwzeXNacGFwaEdxT201cDhpNG1Nam94cnNlQ3ZhbXhwaTlETlpwV1MyS21ZakxTT2tyZDNzSVdlYjRHWHIySjI=,食堂|校园生活|宿舍|校车|二手交易|闲置|南校|共享厨房,食堂|校园生活|宿舍|校车|二手交易|闲置,校园生活|二手交易|食堂生活|恋爱交友,早上,教学区,0.0,0.0,1.0,0.0,87.909091,0.180328,0.114754,0.032787,0.016393,2026-06-03 14:50:12
dElDZmU0VzYwV2VHemRpcmxxSFNwSVdTcXFpYVlaNTltSHBqcTRGc3FjNnZnSVdPZ0xpbmVvdXBxcnVXZmJCbWdLcWhiSnAzZkh1SGlXSjI=,求问|课程资料|校园卡|宿舍|打印店|交友|搭子|校园生活,求问|课程资料|校园卡|宿舍|打印店|交友,问答求助|恋爱交友|校园生活,早上,教学区,0.0,0.0,1.0,0.0,64.5,0.259259,0.037037,0.0,0.0,2026-06-03 14:50:12
dDQ1MWk1ZTN4YkIvazY2MmxYcXdvSU8zZktHWWhxWm9tR2RqYVptUnZhN0NwWTJLaDZlM1pwWE9wcFNNWnJSK2twSnJlcGxpa0krTGlXSjI=,校园卡|求问|打印店|课程资料|宿舍|东校|南校|钥匙,校园卡|求问|打印店|课程资料|宿舍|东校,问答求助|失物招领,晚上,教学区,0.0,1.0,0.0,0.0,63.333333,0.238095,0.031746,0.047619,0.031746,2026-06-03 14:50:12
dGFKNGFZQ1QxWWFIMExiUWwyYTRoMzY0bW9lUmVLMXBsNkdMYVkyaTE5T3dmWmVFaGFpV3JwUE4zTGlJcjhxTWk2cWlzcG1Jakh1WHIySjI=,求问|校园卡|打印店|课程资料|宿舍|东校|闲置|教材,求问|校园卡,问答求助|二手交易,早上,教学区,0.0,1.0,0.0,0.0,77.714286,0.233333,0.016667,0.016667,0.083333,2026-06-03 14:50:12
dTRDRmFwWFJwNDJVejc3WWdHYk5aNFRRbldpY2lIeVNpV2VJaW9kcHZKYXRhS3VSbGJqVWFaU3BuZEtVYU1xbWs2aVdmb1NKcHFtRGVXSjI=,二手交易|教材|闲置|租房|求问|校园卡|电动车|宿舍,二手交易|教材|闲置|租房|求问|校园卡,二手交易|问答求助,早上,教学区,0.0,0.0,0.0,0.0,78.666667,0.173077,0.057692,0.0,0.038462,2026-06-03 14:50:12
dTJtZmdwZTIxYStUcUxYVGxHV1RvNGUzZUtLWmQ0ZHRpR2lJcVpsL3g3UERvb2l3bGRHcnE0UzRwcm1BZXErdWxaT0lzWVNFYjJpSmlXSjI=,校园卡|求问|课程资料|打印店|宿舍|校车|南校|校园生活,求问|校园卡|课程资料|打印店,问答求助|校园生活,深夜,教学区,0.849616,0.150384,0.0,0.0,73.894737,0.253333,0.013333,0.066667,0.066667,2026-06-03 14:50:12
dDM5c2U1T29yNmlEdXFtU2xxTzNhSlc0YzJ1RWRwQ3NqbnByb1lPUHk2dTNhbVNxaHF1cXJvWFFxckdLb3NxbWxycUliWXhqaktLT3IySjI=,校园卡|求问|宿舍|课程资料|打印店|南校|图书馆,校园卡|求问|宿舍|课程资料|打印店|南校,问答求助,晚上,教学区,0.634637,0.365363,0.0,0.0,83.3,0.188679,0.056604,0.037736,0.018868,2026-06-03 14:50:12
cnFSOW81YVRsckNXdXFiTGhHak5ySWpPbm9tR2lJTnJqb3Q3cjRTUHNOeTRwSFd4ZjdpdnJwUFB0cTJOWjdSbmlzK2VwSkY0b211V3IySjI=,求问|校园卡|打印店|宿舍|课程资料|租房|闲置|电动车,宿舍|求问|校园卡|打印店,问答求助|二手交易,深夜,教学区,0.106852,0.893148,0.0,0.0,94.5,0.16129,0.032258,0.032258,0.032258,2026-06-03 14:50:12
eEk5OXBvZk9tbjk4bE5UVGhYcktwSC9RZEsrRVlwcDlsbWg0Z29xenVKakRmMnh0bEx1eWE0V3BsYzJYZTdobGZwT01pWXVKZ0xLS2lXSjI=,校园卡|求问|宿舍|课程资料|打印店|东校|图书馆|搭子,校园卡|求问|宿舍|课程资料|打印店|东校,问答求助|恋爱交友,深夜,教学区,0.594603,0.405397,0.0,0.0,66.0,0.390625,0.125,0.015625,0.0,2026-06-03 14:50:12
dzR1bXNvZW5zNjJTcU5TbW1IeW9qSVM2ZUtLSWhvQnRnNHFpajVxbHRhdkRpMngrazVPV2JJYVRxcktYakxoL2xkQ1dpNXgzZzJpWHIySjI=,求问|校园卡|东校|食堂|课程资料|打印店|老师|期末,求问|校园卡|东校|食堂|课程资料,问答求助|课程评价|失物招领,深夜,教学区,0.147528,0.852472,0.0,0.0,73.055556,0.268657,0.044776,0.044776,0.0,2026-06-03 14:50:12
cm11YmY0YlIwWHlHdHJLeG1IbXNoSWZQaUt5SWg1Q0hnV2lMc1lOK3JkVEZhcVp0aU0rN2pZU3F1dG1VWnNhZmxhaC9hNHhrZzdDV3IySjI=,求问|校园卡|宿舍|打印店|课程资料|拍照|活动|羽毛球,求问|校园卡|宿舍|打印店|课程资料|拍照,问答求助|恋爱交友,中午,教学区,0.0,0.0,0.0,0.0,65.538462,0.180556,0.111111,0.027778,0.027778,2026-06-03 14:50:12
dFkybnBuL2RzNm1XdDY2eGpJdk9nb2FTZUlpY25wMnZoNjVyckkyUHJiaTRmSnVqbHF2RWFvQzNyckdIaXJPc2dzMTRoSVdIZDY2SmlXSjI=,闲置|租房|二手交易|电动车|教材,二手交易|电动车|租房|闲置|教材,二手交易,深夜,教学区,0.0,1.0,0.0,0.0,58.6,0.089286,0.107143,0.035714,0.053571,2026-06-03 14:50:12
dEk5a2duK3JxcStJcVpYUWhtYThqWVdwbGE2TmRtdU9pSDJhcEllUnBkRzdmWUN4ZjVXcWFaS3F6OWlJZkphdGZaT2FiSnBpakxLR2lXSjI=,闲置|教材|二手交易|租房|电动车|课程资料|求问|宿舍,闲置|电动车|租房|教材|二手交易,二手交易|问答求助,早上,教学区,0.0,1.0,0.0,0.0,88.117647,0.253731,0.089552,0.014925,0.029851,2026-06-03 14:50:12
eEdxWGlwU1dzbXFTdXNqV2xIckdmNFROaUt5YWlJaW9sNGwwYkltTnVkQ3lqSVZwbEtpV2ZKT1VsYzZZamFpTGhLZG5oNHliZ0llSGlXSjI=,校园卡|求问|课程资料|宿舍|打印店,校园卡|求问|课程资料|宿舍|打印店,问答求助,早上,教学区,1.0,0.0,0.0,0.0,66.714286,0.297872,0.085106,0.0,0.0,2026-06-03 14:50:12
eEg2ZmtJYVd0Nm1WdHFxN2dYdTBkNE9VZ0tTT2VZZHRnWWltaUppT3ZOM0VqNFdOaGMzRm5vYXExTXFDZmNaOWhxWjRycENHWjIyRGVXSjI=,求问|校园卡|打印店|课程资料|宿舍|二手交易|闲置|钥匙,求问|校园卡,问答求助|二手交易|失物招领,深夜,教学区,0.00791,0.99209,0.0,0.0,75.066667,0.263158,0.052632,0.035088,0.017544,2026-06-03 14:50:12
c21pZm9ZeXFsbytVemRDemxXZmFxNUtWaEs2TW5hYW1oWitWYklxUXo4ZXZhb0duaHFyRmhZcVVxWlNWZk5acWxxaWVyNWgybnJDV3IySjI=,校园卡|求问|打印店|宿舍|课程资料|东校,校园卡|求问|打印店|宿舍|课程资料|东校,问答求助,深夜,教学区,0.0,1.0,0.0,0.0,77.928571,0.194444,0.083333,0.027778,0.0,2026-06-03 14:50:12
dzVCMXI0WFB5WTJGbExYWGpZcTRub3FUb29LRllhNnRtWXVFaDRlTW01bXVzbml2aEpXU2tJak50ZGlNakxSNGtxZG5hSVI0ZkpLS2lXSjI=,校园卡|求问|宿舍|打印店|课程资料|复习资料|学习交流|学习经验,校园卡|求问|课程资料|宿舍|打印店,问答求助|学习交流,早上,教学区,0.326588,0.673412,0.0,0.0,73.923077,0.25,0.096154,0.0,0.038462,2026-06-03 14:50:12
dzVCMXI0WFB5WTJGbExYWGpZcTRub3FUb29LRllhNnRtWXVFaDRlUnk3ckZqNDJCaTlHM3JJdXB1dGFHZTZScGZxZUFhSm1Gbm02R2lXSjI=,求问|校园卡|宿舍|课程资料|打印店|东校|食堂|电动车,求问|校园卡,问答求助|二手交易,早上,教学区,0.0,1.0,0.0,0.0,61.75,0.176471,0.088235,0.029412,0.058824,2026-06-03 14:50:12
dXFLSmlwYW5zNnlVa3FxM2xtVzRycGE0ZDIyT2VZeG9sMmlBb1psOG05N0RrSWh1Z2Flam9aV1UwTmlVcjZPdGk2aWhzSnQ1Z0hxRmlXSjI=,求问|校园卡|宿舍|打印店|课程资料|租房|南校|东校,宿舍|校园卡|课程资料|求问|打印店,问答求助|二手交易|恋爱交友,晚上,教学区,1.0,0.0,0.0,0.0,66.692308,0.245283,0.056604,0.0,0.037736,2026-06-03 14:50:12
cm9DQWJZYlF1MmFTdU15MWxtZXNhSkxPaUdpTG5vQ2tmNjkwYVl0cXo3MjNmNGx1bDdxdmZvWE9wczJFYU1wb2ZKU1dnSW1KZUpLVnIySjI=,求问|宿舍|课程资料|校园卡|打印店|活动|搭子|拍照,求问|宿舍|课程资料|校园卡|打印店|活动,问答求助|恋爱交友|失物招领,下午,教学区,0.0,0.0,1.0,0.0,77.714286,0.21875,0.03125,0.03125,0.03125,2026-06-03 14:50:12
dTQ2TmZJemRxbWw5azY2MWpYcThnNHFTbnEySm5ZeHRnWitNcElxa3ZiQ3ZqWDJ4ZjlDU2U1SzZwcldVZmJpRmhhbXFwWXVHbnF1SGlXSjI=,校园卡|课程资料|求问|宿舍|失物招领|教学楼|证件|钥匙,校园卡|课程资料,问答求助|失物招领,早上,教学区,1.0,0.0,0.0,0.0,73.2,0.066667,0.053333,0.013333,0.053333,2026-06-03 14:50:12
dFg2QmZJdVZxMzJIMExLemduM1NucE9VbG91Q1laQ1JpM3Q0cW9xT21LbTdnS04vaU16VWE1Yk50cWVOWjhhS2xzK3FiSXljbW4yTnIySjI=,宿舍|校车|校园卡|求问|南校|打印店|课程资料|图书馆,宿舍|校车|求问|校园卡|南校,校园生活|问答求助,早上,教学区,0.0,1.0,0.0,0.0,60.076923,0.209677,0.129032,0.048387,0.048387,2026-06-03 14:50:12
dzR5RnNJVFFybWFHM0xhNWdudThvNHVuZzdDSmRZU3JnWXA0a28rano5M0ZqM21EbGMzRm5vaXBzWmFVWjVPRGlybU1tWkdJZ0c2WXIySjI=,宿舍|打印店|校园卡|课程资料|闲置|二手交易|教材|电动车,宿舍|打印店|课程资料|校园卡,问答求助|二手交易|恋爱交友|校园生活,早上,教学区,0.0,0.0,1.0,0.0,70.0,0.15873,0.031746,0.0,0.031746,2026-06-03 14:50:12
dEthZmJaT29zMmlHcXNpWGpZdWpxNVROWTdDUmVLMnVtS0dXa0l5bXFicTFwbmx0aGJpdmpwUzRxWlNFWmJ5RGk4Mk1ocGgybW5xSGlXSjI=,校园卡|课程资料|打印店|求问|宿舍|校园生活|食堂|图书馆,课程资料|校园卡|打印店,问答求助|校园生活,早上,教学区,1.0,0.0,0.0,0.0,80.2,0.166667,0.066667,0.033333,0.033333,2026-06-03 14:50:12
eFkrRms1UE56YkNDdGRlV2lXaXNuSlBRbFd5YWhZUi9tWTJJZTVxbnNhaTZhcCtBakpXYXBKVzJ2dENIak5acGdyZW1hbzEzZkgyRmlXSjI=,二手交易|闲置|教材|租房|电动车|南校|搭子|拍照,二手交易|闲置|教材|租房|电动车|南校,二手交易|恋爱交友,早上,教学区,0.0,0.0,1.0,0.0,59.571429,0.245614,0.017544,0.035088,0.035088,2026-06-03 14:50:12
cm82QnJvemRxbW1Va3JuYmpJdXNycFBRaUsrUWlZQjhsWHBqYXBoOXZiQzNmNDJIaHFxdmFZZlB5NVNHamNtdWhxWjBob2llaEpHWHIySjI=,校园卡|宿舍|求问|课程资料|打印店|钥匙|失物招领|教学楼,校园卡|宿舍|求问|课程资料|打印店|钥匙,问答求助|失物招领|二手交易|校园生活,深夜,教学区,0.0,0.0,0.0,0.0,92.307692,0.245283,0.09434,0.018868,0.056604,2026-06-03 14:50:12
dzJxanFaZXB4WWVWdWEzVGphRzBvWDNjZElxUW5xNTZtS0dlYklTQXg4ZkVwWDJRaHRDVmEzNnAxSk9JZWJDS2hxbVdyNXFjb29PRGVXSjI=,求问|校园卡|课程资料|打印店|宿舍|东校|食堂|课程评价,校园卡|求问|课程资料|打印店|宿舍,问答求助|课程评价,深夜,教学区,0.0,1.0,0.0,0.0,76.555556,0.152542,0.050847,0.016949,0.033898,2026-06-03 14:50:12
czMxbnNaU251NUNBcHI2cGlHVzhkNGE2ZktXRlk2S0poMmlpZ28rbTA5dkZvMzJ5Z0xpN2VwV295TnVIWnNxTmhaUjhwSnFGaklTRGVXSjI=,校园卡|求问|课程资料|打印店|宿舍|校车,求问|校园卡|课程资料,问答求助|校园生活,早上,教学区,0.512789,0.487211,0.0,0.0,80.05,0.307692,0.138462,0.030769,0.030769,2026-06-03 14:50:12
dUtWc2lJaW9scUtTdWRDNGhubXpaSUMzbm5xRm5wbXdobzJpbzVDbTI5ckVmcHRyaHM2U29KVE8xTkNKWjdTVmxxcWVob3ViaDdDTnIySjI=,校园卡|求问|课程资料|宿舍|打印店|校车|南校,校园卡|求问|课程资料|宿舍|打印店|校车,问答求助|校园生活,晚上,教学区,0.0,1.0,0.0,0.0,53.625,0.115942,0.086957,0.043478,0.086957,2026-06-03 14:50:12
eFkxNWo0ZTdxNHVMazZxdGw0dTRkMzY2ZktxT2hZU3NsMmVWYklXTnJkMnZmNStEZjVUTmVZT1RzcWFZaXF5Vms3bWxhNXRocldpTGlXSjI=,校园卡|打印店|宿舍|求问|课程资料|交友|搭子|羽毛球,校园卡|打印店,问答求助|恋爱交友,下午,教学区,0.511629,0.488371,0.0,0.0,67.076923,0.220339,0.084746,0.016949,0.050847,2026-06-03 14:50:12
dXFXbnJaU3FrcStTMjUzT2dhTFdvSWJOYTZDRVlZeVJnb3VJclp1TnZiQzBhR1NoZ05Demg0clExTnFJb2Nab2haS0VmWU5qcW4rT3IySjI=,电动车|闲置|二手交易|教材|租房|课程资料|校园卡,电动车|闲置|二手交易|教材|租房|课程资料,二手交易|问答求助,早上,教学区,0.0,0.0,0.0,0.0,68.0,0.236364,0.054545,0.018182,0.018182,2026-06-03 14:50:12
cjQycmtJeTN0NGQrejh6Q2xuelNlSCszbm1pRWQ2Si9nbjEzcjRGcHNiYkNqYWVCbGMvTmdINlYxTXlCbzdkbWs2WjhyNWxoZkkyWHIySjI=,求问|校园卡|宿舍|打印店|课程资料|南校|失物招领|证件,求问|课程资料|打印店|宿舍|校园卡|南校,问答求助|失物招领,早上,教学区,0.339178,0.660822,0.0,0.0,72.625,0.266667,0.1,0.033333,0.033333,2026-06-03 14:50:12
cm95WGhwZTZ1NFNLbE1pNGdaK25aNHJRZUt5YWRvQ2toWXBqczVlQW5KYTBwSW1TZ0x2RVozKzN6TFNDakp0bmxybUFoSmgxa0c2TGlXSjI=,校园卡|求问|宿舍|打印店|课程资料|租房|二手交易|教材,求问|校园卡,问答求助|二手交易,早上,教学区,0.0,0.0,0.0,0.0,55.5,0.15625,0.03125,0.03125,0.015625,2026-06-03 14:50:12
eFgyamdvR28xR2lTdWRqTmg2KzhuNFROcG9HYm5KQ0ppcCthZTVDUDB0MnZqNk9JaHMyamVvak12cWFYaXBPbWY4MmVrSW1lYjRPSWlXSjI=,宿舍|求问|校园卡|闲置|二手交易|打印店|课程资料|交友,二手交易|闲置|宿舍,问答求助|二手交易|恋爱交友,深夜,教学区,0.0,1.0,0.0,0.0,67.4,0.192308,0.076923,0.038462,0.019231,2026-06-03 14:50:12
dG1tSmZJZXJ1NEdEM01pMmpZcTBhcFMybm9pSW01MXRsWHlJcDRwK3FiMjRqNFJyaHBXbWFaU3F2czZHakxPdGc4OWpzb3FjZTJtSmlXSjI=,闲置|二手交易|租房|教材|南校|电动车|东校|保研,二手交易|闲置|南校,二手交易|考研保研,深夜,教学区,0.022783,0.977217,0.0,0.0,64.625,0.246154,0.076923,0.015385,0.046154,2026-06-03 14:50:12
d24rcmJvQzN4R2w4bEpuSmlaK3NncE9TaElHQ1k1cHVpWDJoc1lPUHJiTzdmWnVIakxuTmwzN05uYzJZZkxoOGhaS01yWTJyaktxRGVXSjI=,校园卡|求问|打印店|课程资料|宿舍|面试|简历|招聘,打印店|校园卡|求问|课程资料,问答求助|实习就业,晚上,教学区,0.980143,0.0,0.0,0.019857,68.545455,0.2,0.054545,0.018182,0.036364,2026-06-03 14:50:12
dG4yZnBJaXJzcTUrcXE2b2wyZXNhSlc2aDIyTWlhR3dpcDkzYllPTnh0eTFwV051ZjdxU3BIN2N0ckdCZWJoNmhyZDhwWkNkZklXV3IySjI=,闲置|租房|电动车|二手交易|教材|钥匙|失物招领|证件,闲置|租房|电动车|二手交易|教材|钥匙,二手交易|失物招领,早上,教学区,0.0,0.0,0.0,0.0,76.714286,0.152174,0.043478,0.0,0.043478,2026-06-03 14:50:12
dGFONWhJUE5xNkdEdWI2NWZtalNaWXFVZUxHTmg2S0FqV2RqZ0p1bng5bTBqNWVTbExtN2FYMlVsYkdJak01cGhhbUVlNXA1aEsyQ2VXSjI=,闲置|租房|二手交易|电动车|教材|课程资料|求问|宿舍,二手交易|租房|闲置|电动车,二手交易|问答求助,深夜,教学区,0.0,1.0,0.0,0.0,80.142857,0.215385,0.046154,0.015385,0.061538,2026-06-03 14:50:12
dEk2YnFKVzQyR2lTenE2NmlZM1NmWlRjbXFXTGVKbXZpM3Flc1pkcnZkckZhbm1JaHN5YXNKTzVzdHFOak5hbWhKV2VzcEdGZ0txS2lXSjI=,打印店|求问|宿舍|校园卡|课程资料|教材|电动车|租房,打印店|求问,问答求助|二手交易|竞赛科研|社团活动,早上,教学区,0.137641,0.862359,0.0,0.0,79.5625,0.253968,0.079365,0.0,0.047619,2026-06-03 14:50:12
dDZOa2ZJeTRyMzZIbExhV2hJbkdvbnlWbm8rRWlZdHJoNitla1pwcXhwcXpqV1NrbHF1anI0QzZxZHFOZk5xQWY4K0FqNGFIcHBtWXIySjI=,校园卡|求问|课程资料|宿舍|打印店|失物招领|钥匙|南校,校园卡|求问|课程资料|宿舍|打印店|失物招领,问答求助|失物招领,深夜,教学区,1.0,0.0,0.0,0.0,78.444444,0.147541,0.131148,0.032787,0.016393,2026-06-03 14:50:12
dG8yWGtaYlFyNCtHMExLUmxYcldhWlRRZUg2Wm0zaWxpSDJEc0kybXg4NjdwbjJPbGRDU3FJZW11czZYZWNaNmY3aUlmb3VmZUlLTGlXSjI=,求问|校园卡|打印店|课程资料|宿舍|兼职|薪资|招聘,求问|校园卡|打印店|课程资料|宿舍|兼职,问答求助|兼职实习|二手交易,晚上,教学区,0.0,0.923469,0.0,0.076531,93.428571,0.225806,0.064516,0.016129,0.016129,2026-06-03 14:50:12
eEtTZWJaYlExWHFJemFxWGhZdW9yb3ZNZjJtUW5vU0VpbzJXaEltbHVkQ3pvbzJ5bGRISmc1YTZ0c3VNak5LR2xMZVdyb1ZrbnBtSGlXSjI=,求问|校园卡|课程资料|宿舍|打印店|教学楼|钥匙|失物招领,求问|校园卡|课程资料|宿舍|打印店|教学楼,问答求助|失物招领|食堂生活,早上,教学区,0.0,0.0,0.0,0.0,70.5,0.347826,0.021739,0.043478,0.043478,2026-06-03 14:50:12
d21xQmg0aVRrbytHcXFxNm1JbkdwMzY2b2JDY25KbXdpNHllZzVtT201aXZhNStsbHMydXFJV25sSkdZb3Bkb2xaS0hycGlFYjRlSWlXSjI=,校园卡|求问|课程资料|打印店|宿舍|图书馆|租房|电动车,校园卡|求问|课程资料|打印店|宿舍|图书馆,问答求助|二手交易|恋爱交友|失物招领,深夜,教学区,0.0,0.993773,0.006227,0.0,74.117647,0.309091,0.109091,0.018182,0.018182,2026-06-03 14:50:12
dFh5ZXNvaVR5YStMdHNpbGw0M09vSWpQZklxTGg0OXNob3FFazVkOXFKYkVhcDV1aEx1emUzNlUwSzZHb0t5Q2lLYUFiSkNIakdtR2lXSjI=,校园卡|课程资料|求问|宿舍|打印店|二手交易|闲置|交友,课程资料|校园卡|宿舍|求问,问答求助|二手交易|恋爱交友,中午,教学区,0.955563,0.044437,0.0,0.0,81.8125,0.228571,0.071429,0.042857,0.042857,2026-06-03 14:50:12
c3BDRWE1YmRzNmFXdDVqWmlxUE9nWWpQZUg2RmVKNktsNHQ4azRlUXg5YXpmYUtyaEttcmZaT1NxcGVFcjdSOGc3YWFnSTJjYjJtWHIySjI=,求问|校园卡|宿舍|课程资料|打印店|搭子|活动|交友,搭子|活动|交友|拍照|羽毛球,问答求助|恋爱交友,深夜,教学区,0.266814,0.0,0.733186,0.0,74.470588,0.25,0.044118,0.044118,0.044118,2026-06-03 14:50:12
dDJ1WHNZQ25vMzJGdHI3UGlZck5aNFhRZUl1Sm5LcUpnb3hucVl5eno3QzRqcDZ3bE4yN3BwVGN2cStOWnNXcWlwT01wWVY1cGFxQmVXSjI=,408|考研|保研|二手交易|闲置|教材|租房|电动车,408|考研|保研|二手交易|教材|闲置,考研保研|二手交易|实习就业,早上,教学区,1.0,0.0,0.0,0.0,99.5,0.098361,0.04918,0.032787,0.04918,2026-06-03 14:50:12
eHFPRWJaV25xMnFUemE2bmxtYW5aSmFxZktXWllZaUJtWitJZll0K25OU3Zmbld3aDgydmlZWGNwWkdLbjhhaGg1S2VpSnRqZklHT3IySjI=,求问|校园卡|课程资料|打印店|宿舍|教材|电动车|闲置,打印店|课程资料|求问,问答求助|二手交易|校园生活|失物招领,早上,教学区,0.0,1.0,0.0,0.0,67.636364,0.150685,0.09589,0.027397,0.068493,2026-06-03 14:50:12
d24ramduK1VzcTkvdHI2VGdYbTRubjYzaUk2TllxS2ttWXQ4b28xK3ViU3prSXlyZzd1bmk1T24wTFNXZTlKM2Y1U1dpSXFHaEk2TGlXSjI=,求问|校园卡|打印店|宿舍|课程资料|校车|教材|二手交易,求问|校园卡,问答求助|校园生活|二手交易,深夜,教学区,0.0,1.0,0.0,0.0,62.692308,0.178082,0.013699,0.027397,0.027397,2026-06-03 14:50:12
c0h4NWlJelF0bXAvdHNlVmYyZkdqSlMzZ0lHWXE2S25pWHFXcklWKzI3akZmSmVBbHFtN3FaU25zcGFXbjZTTGhxbVphNFZob3FtSGlXSjI=,求问|打印店|校园卡|课程资料|宿舍|租房|二手交易|闲置,求问|打印店|校园卡|课程资料|宿舍|租房,问答求助|二手交易,下午,教学区,0.0,0.0,0.0,0.0,98.8,0.185185,0.055556,0.0,0.018519,2026-06-03 14:50:12
eFdsOWtZeXAwWDZWenE3UGpHWE9vWDZxZEpDT2Q2S0FtWXQ0cklGcms1ckdvNSt5ZlpTN2tJZVVycnFBWnFTbGs2cWFpWnlmaUh5SGlXSjI=,校园卡|求问|宿舍|课程资料|打印店|图书馆,校园卡|宿舍|课程资料|打印店|求问,问答求助,深夜,教学区,0.296035,0.703965,0.0,0.0,77.533333,0.202703,0.054054,0.040541,0.027027,2026-06-03 14:50:12
c0h4NWlJelF0bXAvdHNlVmYyZkdqSlMzZ0lHWXE2S25pWHFXckpwcDE3ZTJpMnlLbGN5YWpJdmJuY0tCbzgxa2dMZWloWTZJcHBHSGlXSjI=,求问|校园卡|打印店|宿舍|课程资料|校车|租房|闲置,求问|校园卡|打印店,问答求助|校园生活|二手交易,早上,教学区,0.0332,0.9668,0.0,0.0,69.166667,0.230769,0.019231,0.038462,0.076923,2026-06-03 14:50:12
dDMxb2E0ZmMxYU9XcWR5MGxJMjhwSDdRZElhTXFxcVpnbnlJaW9lbno3RzFmb21uZmQzTmlZUFF1ZGlJb05Hc2lwS2FpSU5qbldxWHIySjI=,校园卡|求问|宿舍|打印店|课程资料|东校|图书馆|408,宿舍|校园卡,问答求助|考研保研,早上,教学区,0.177334,0.822666,0.0,0.0,74.5,0.294118,0.044118,0.029412,0.044118,2026-06-03 14:50:12
dDZPbm8zMlZrb1NEbEsyVWdhQ3doWmE0aElPUW02SjdqYStBc3BlbnZadTFqcU9LZ0tpWnNJUzRzdGFNamRLQWtwV2FtWkZpZklhQ2VXSjI=,校园卡|求问|课程资料|宿舍|打印店|图书馆|校车,校园卡|打印店|课程资料|求问|宿舍,问答求助|校园生活,晚上,教学区,0.0,1.0,0.0,0.0,55.1875,0.25,0.03125,0.046875,0.03125,2026-06-03 14:50:12
dXFXbnJaU3FrcStTMjUzT2dhTFdvSWJOYTZDRVlZeVJnb3VJcllTQTA5ZXpmMmV5aTg2V3JJYlBxcEdCZkx5b2h0eWFiSmlibVd5RGVXSjI=,二手交易|闲置|教材|电动车|租房|东校|南校|宿舍,电动车|租房|教材|二手交易|闲置,二手交易|问答求助|课程评价,早上,教学区,0.0,0.0,0.0,0.0,83.533333,0.220588,0.117647,0.014706,0.029412,2026-06-03 14:50:12
c28rQmlJdlF4SzZIemE3YmdZM05aWk9UZEtTYVlZU0NoWXVpb3BxTnlwZkZwSUN6bGFlM1pvYTN6OXFLZk5xT2hMYUlvNG1HZklLSmlXSjI=,校园卡|求问|宿舍|打印店|课程资料|面试|简历|实习,课程资料|求问|宿舍|打印店|校园卡,问答求助|实习就业|竞赛科研,深夜,教学区,0.0,0.716215,0.0,0.283785,67.153846,0.276596,0.042553,0.021277,0.042553,2026-06-03 14:50:12
c21xQXM0dk5wNnVIdVptNWhXYThmMytuZ0tPRW4zaWtpSXByajVkK3FOKzBzbjJ4aGM2V25vV25uYytOamJTQ2Y3bXFoWkY0WjMrSWlXSjI=,校园卡|求问|宿舍|课程资料|打印店|失物招领|证件|校车,校园卡|求问|宿舍|课程资料|打印店|失物招领,问答求助|失物招领|校园生活,晚上,教学区,1.0,0.0,0.0,0.0,83.4375,0.25,0.09375,0.03125,0.046875,2026-06-03 14:50:12
czMxb2s1V3ExWWFIemN5bWhLR29wWWVTaktDSllXdDdpcUJqYnBta3RaYXVqMzE4bFphcmZuMlR6OW1XcjdDQWs3cUltWWlJWnJDWHIySjI=,宿舍|求问|打印店|课程资料|校园卡|校车|二手交易|教材,宿舍|求问|打印店|课程资料|校园卡|校车,问答求助|校园生活|二手交易,早上,教学区,0.0,0.0,0.0,0.0,60.3,0.149254,0.014925,0.0,0.044776,2026-06-03 14:50:12
dFk2aWE0UzVyNmVMdUw3UmxwK3dkNVc2aUgrTGRvaWlqcUtXczVxa3VhN0VqV05zaGFpdmczNlUwTHVGaXBPRWhzK2RycHFlakl1SmlXSjI=,校园卡|课程资料|打印店|求问|宿舍|南校|钥匙|证件,校园卡|打印店|课程资料|求问,问答求助|失物招领,早上,教学区,1.0,0.0,0.0,0.0,66.315789,0.387755,0.081633,0.020408,0.040816,2026-06-03 14:50:12
ckdsMWFvdlJyMzErdWJhdWlXYXNab0s2b29TUm5YaXRqYUJyc0lSOXRadkNhNXVRZnQzTlpvQ25zdEtOWjdDcmhiVnJrb1ZraUhxQmVXSjI=,搭子|活动|交友|拍照|羽毛球|面试|简历|就业,搭子|活动|交友|拍照|羽毛球|面试,恋爱交友|实习就业|失物招领,深夜,教学区,0.0,0.0,0.872206,0.127794,94.75,0.064516,0.129032,0.064516,0.032258,2026-06-03 14:50:12
dUkyTmk0RGRzNnVHek5DbmlIeTRxSUtUb1cySlk1QnNsMldFa29la3ROaTFqblN4bHM2WlpvV1MxTnFHZkxTQmlMbUVnNDJkZUl1SGlXSjI=,交友|搭子|活动|拍照|羽毛球|教材|电动车,交友|搭子|活动|拍照|羽毛球|教材,恋爱交友|二手交易,晚上,教学区,0.0,0.0,0.0,0.0,79.666667,0.210526,0.070175,0.052632,0.0,2026-06-03 14:50:12
cjJpcWJJblFyNE9UdHJLdWlHYTRqcFBPZEcyY25JQ3BpWHFlYnBlUXJiK3Zhb1dLaEpiUnJwV21wdHFGZTlLR2hhbDRxSnRrZUtHQ2VXSjI=,交友|活动|羽毛球|搭子|拍照|租房|教材|二手交易,交友|活动|羽毛球|搭子|拍照|租房,恋爱交友|二手交易|失物招领,深夜,教学区,0.0,0.0,1.0,0.0,66.0,0.181818,0.072727,0.0,0.0,2026-06-03 14:50:12
dXFWamFaUzQwV2VEdUxHU2w2T3paMytWb3BDYmlHdURoNHlkcTRtUHg2eXlwSUdMaEtxbnFZZTNyWlNHaXB1dGhLaWlnNE5rbm9HQmVXSjI=,求问|打印店|校园卡|宿舍|课程资料,打印店|求问|宿舍|校园卡,问答求助,下午,教学区,0.0,1.0,0.0,0.0,83.375,0.142857,0.035714,0.071429,0.017857,2026-06-03 14:50:12
dzMyYm9ZU3FrbmlTcXFyQ2xLTzBxWXZNZkdpUnE0dHNpV1ZucDRpUnFiVzFzV3l1Zzl5YW9YMlVtSkorWmJocGhwS1dzWkNHb21pWHIySjI=,搭子|交友|拍照|求问|羽毛球|课程资料|活动|校园卡,搭子|交友|拍照|求问|羽毛球|课程资料,恋爱交友|问答求助,早上,教学区,0.0,0.0,0.0,0.0,66.5,0.090909,0.045455,0.0,0.068182,2026-06-03 14:50:12
cjZGc2lJdTZwNCtGcWFxMWhwL0daWCtUaEtPYm5tYXZncTkwcDRGc3JKdkRvb2h0bEpXV29vVFFydGlKbjZpTmhKT2llcHRqbm51QmVXSjI=,羽毛球|拍照|搭子|活动|交友|志愿服务|社团|宿舍,羽毛球|拍照|搭子|活动|交友|志愿服务,恋爱交友|社团活动|问答求助,下午,教学区,0.0,0.0,0.0,0.0,74.571429,0.14,0.04,0.06,0.02,2026-06-03 14:50:12
c28ybnJJelEwSzZHbExhNWxZM09xSlBOYTRPTmlKQ0lsYUNtallSL3FkbXZrSmVwZzlDM2hYL1BzcytCaTZOcGZ0eUFwWnFmbld1WHIySjI=,校园卡|求问|宿舍|课程资料|打印店|租房|图书馆,校园卡|求问|宿舍|课程资料|打印店|租房,问答求助,深夜,教学区,0.0,1.0,0.0,0.0,83.916667,0.193548,0.064516,0.032258,0.048387,2026-06-03 14:50:12
dDQxa2k1T3JvNnlHcWEzWW1JcXZyWWFTaElDTWhacUxqWjkwaDVDenFhaTBmMmV2aUpTamdZU1Z2dG1VWlp1VmY3aUVhWnRqYjZxQ2VXSjI=,校园卡|宿舍|求问|课程资料|打印店|校车|搭子|交友,校园卡|宿舍,问答求助|校园生活|恋爱交友|学习交流,晚上,教学区,0.248338,0.751662,0.0,0.0,80.583333,0.206897,0.051724,0.0,0.068966,2026-06-03 14:50:12
dzZTYXE1YW9sbzZXdUwyV2dLQzBabnpjbW4rRllaNnVqcUNNaFlKc3pwbTRmNnR2ZzdxM2lJdTJwcXlZb2FSL2ZzMW5mbzZKcG1tRGVXSjI=,校园卡|求问|课程资料|打印店|宿舍|证件|钥匙|校园生活,求问|校园卡|课程资料|打印店,问答求助|失物招领|校园生活|二手交易,早上,教学区,0.636882,0.363118,0.0,0.0,77.894737,0.327586,0.12069,0.017241,0.0,2026-06-03 14:50:12
cm1pYmlZU3BycTJDemFtV2xHZk9wSXVWZ0txTmQ0T3FpNHlpaUppa3k2dTBmNTlzaTVhdmpaTzEyTk9LbzdTbWt0eDhvcGwzakgrWXIySjI=,求问|校园卡|宿舍|课程资料|打印店|闲置|电动车|教材,求问|校园卡,问答求助|二手交易|恋爱交友,早上,教学区,0.0,0.968197,0.031803,0.0,72.333333,0.25,0.083333,0.0,0.066667,2026-06-03 14:50:12
eEg5cnM1V1Z0NHlJcHFiU2phTFNybitVaUtxRm40K3hobWVlc1lTUnNkYkRvMlNobEpUSmE1Yk4wSmVXYU1hTGhjMXJybzE1b3FtT3IySjI=,校园卡|求问|打印店|宿舍|课程资料|食堂|校园生活|拼饭,校园卡|求问|打印店|宿舍|课程资料|校园生活,问答求助|食堂生活|校园生活,深夜,教学区,0.0,0.0,0.0,0.0,74.875,0.156863,0.117647,0.019608,0.039216,2026-06-03 14:50:12
cmJLYnM0UE96WCtWM0xxMGxLSFNmWWZOb251RW5YaU5ocU9Fb1ltQngrRERvNXQvaGFxM2VJUzR1dEtYaXBKb2ZKS2FxSVNGZklTS2lXSjI=,宿舍|校园卡|课程资料|求问|打印店|食堂|校车|校园生活,宿舍|校园卡|课程资料|求问|打印店|食堂,问答求助|校园生活,早上,教学区,0.0,0.0,0.0,0.0,72.333333,0.173077,0.076923,0.019231,0.0,2026-06-03 14:50:12
dDJsMWtaYTZ5WG1IdDZxbGdHWEdaWlNvbm1pRWVJU25ocU56YkptT3VkRzdwSFd6aTlDYWg1T3FxcXlXcjhaNWs1S1dxNHAxajJpTGlXSjI=,食堂|校园生活|拼饭|共享厨房|窗口测评|校车|宿舍|优惠,校园生活|食堂|拼饭|窗口测评|宿舍,校园生活|食堂生活|二手交易|问答求助,晚上,教学区,0.0,1.0,0.0,0.0,76.75,0.244898,0.081633,0.020408,0.040816,2026-06-03 14:50:12
u_ext_00101,求问|课程资料|打印店|宿舍|校园卡|考研|复试|学习经验,课程资料|求问|打印店,问答求助|考研保研|实习就业|校园生活,下午,食堂区,0.0,0.0,0.0,0.0,96.571429,0.106061,0.045455,0.015152,0.0,2026-06-03 14:50:12
u_ext_00102,二手交易|租房|教材|宿舍|校车|课程资料|电动车|闲置,租房|教材|二手交易,二手交易|校园生活|问答求助|实习就业,早上,宿舍区,0.0,1.0,0.0,0.0,88.375,0.135593,0.050847,0.016949,0.016949,2026-06-03 14:50:12
u_ext_00103,二手交易|租房|闲置|招聘|兼职|实习|家教|电动车,二手交易|租房|闲置|招聘|实习|家教,二手交易|兼职实习|问答求助|实习就业,晚上,宿舍区,0.0,0.0,0.0,1.0,79.714286,0.229508,0.065574,0.04918,0.065574,2026-06-03 14:50:12
u_ext_00104,二手交易|教材|租房|闲置|电动车|活动|交友|羽毛球,教材|二手交易|租房|闲置,二手交易|恋爱交友|校园生活|考研保研,早上,教学区,0.0,0.95227,0.04773,0.0,90.0,0.192308,0.076923,0.0,0.038462,2026-06-03 14:50:12
u_ext_00105,实习|招聘|薪资|兼职|家教|求问|打印店|简历,招聘|实习|薪资|家教|兼职|求问,兼职实习|问答求助|实习就业|考研保研,晚上,图书馆,0.0,0.0,1.0,0.0,99.466667,0.174419,0.023256,0.011628,0.011628,2026-06-03 14:50:12
u_ext_00106,校园卡|课程资料|宿舍|求问|打印店|保研|考研|二手交易,宿舍|校园卡|课程资料,问答求助|考研保研|二手交易,深夜,教学区,0.0,0.0,0.0,0.0,69.25,0.063492,0.047619,0.015873,0.015873,2026-06-03 14:50:12
u_ext_00107,租房|电动车|实习|闲置|教材|面试|简历|二手交易,租房|电动车|实习|闲置|教材|面试,二手交易|实习就业|校园生活|兼职实习,早上,校外,0.352484,0.0,0.0,0.647516,43.3,0.169492,0.084746,0.033898,0.033898,2026-06-03 14:50:12
u_ext_00108,校园卡|求问|学习经验|课程资料|宿舍|408|保研|考研,校园卡|求问|学习经验|课程资料|宿舍|408,问答求助|考研保研|二手交易|校园生活,早上,教学区,0.0,0.0,0.0,0.0,66.5,0.123077,0.061538,0.0,0.046154,2026-06-03 14:50:12
u_ext_00109,实习|招聘|二手交易|闲置|兼职|家教|学习经验|求问,实习|招聘|二手交易|闲置|兼职|家教,二手交易|兼职实习|考研保研|问答求助,深夜,宿舍区,0.0,0.0,0.0,0.0,76.8,0.083333,0.033333,0.016667,0.0,2026-06-03 14:50:12
u_ext_00110,二手交易|教材|求问|课程资料|打印店|宿舍|校园卡|租房,教材|二手交易|求问|课程资料|打印店|宿舍,二手交易|问答求助|校园生活,深夜,食堂区,0.0,0.0,0.0,0.0,46.454545,0.22,0.02,0.0,0.0,2026-06-03 14:50:12
u_ext_00111,电动车|二手交易|教材|闲置|租房|实习|招聘|兼职,电动车|二手交易|教材|闲置|租房|实习,二手交易|兼职实习|问答求助|恋爱交友,深夜,校外,0.0,0.5407,0.0,0.4593,81.384615,0.240741,0.055556,0.055556,0.018519,2026-06-03 14:50:12
u_ext_00112,电动车|租房|二手交易|闲置|教材|招聘|实习|兼职,电动车|租房|二手交易|闲置|教材|招聘,二手交易|兼职实习|问答求助|实习就业,深夜,教学区,0.0,0.0,0.0,0.0,77.571429,0.107692,0.030769,0.015385,0.015385,2026-06-03 14:50:12
u_ext_00113,二手交易|租房|电动车|闲置|招聘|教材|实习|就业,租房|二手交易|电动车,二手交易|实习就业|兼职实习,早上,教学区,0.0,1.0,0.0,0.0,66.083333,0.20339,0.016949,0.0,0.033898,2026-06-03 14:50:12
u_ext_00114,复试|保研|课程资料|宿舍|求问|校园卡|打印店|租房,复试|保研|课程资料|宿舍|求问|校园卡,考研保研|问答求助|二手交易|竞赛科研,晚上,宿舍区,0.0,0.0,0.0,0.0,79.111111,0.145161,0.016129,0.032258,0.0,2026-06-03 14:50:12
u_ext_00115,租房|电动车|教材|二手交易|闲置|薪资|兼职|招聘,租房|电动车|教材|二手交易,二手交易|兼职实习|问答求助|考研保研,深夜,宿舍区,0.0,1.0,0.0,0.0,76.636364,0.22,0.08,0.0,0.06,2026-06-03 14:50:12
u_ext_00116,租房|二手交易|教材|求问|校园卡|南校|闲置|电动车,租房|二手交易|教材|求问|校园卡|南校,二手交易|问答求助|实习就业|兼职实习,早上,图书馆,0.0,0.0,0.0,0.0,58.666667,0.142857,0.031746,0.015873,0.015873,2026-06-03 14:50:12
u_ext_00117,租房|教材|二手交易|电动车|闲置|实习|招聘|兼职,二手交易|租房|教材|闲置|电动车|兼职,二手交易|兼职实习|问答求助|考研保研,晚上,教学区,0.0,0.0,1.0,0.0,86.083333,0.193548,0.064516,0.0,0.032258,2026-06-03 14:50:12
u_ext_00118,实习|面试|招聘|就业|简历|二手交易|电动车|闲置,简历|实习|招聘|就业|面试|二手交易,实习就业|二手交易,晚上,教学区,0.0,0.0,0.0,1.0,87.375,0.112676,0.014085,0.014085,0.014085,2026-06-03 14:50:12
u_ext_00119,租房|闲置|二手交易|课程资料|教材|校园卡|宿舍|打印店,租房|闲置|二手交易,二手交易|问答求助|校园生活,晚上,宿舍区,0.0,1.0,0.0,0.0,74.454545,0.177419,0.064516,0.0,0.016129,2026-06-03 14:50:12
u_ext_00120,课程资料|求问|打印店|宿舍|校园生活|共享厨房|校园卡|校车,课程资料|求问|打印店|宿舍|共享厨房|校园生活,问答求助|校园生活,深夜,校外,0.0,0.0,0.0,0.0,72.333333,0.115385,0.038462,0.019231,0.019231,2026-06-03 14:50:12
u_ext_00121,课程资料|打印店|求问|校园卡|宿舍|闲置|教材|电动车,校园卡|求问|宿舍|打印店|课程资料,问答求助|二手交易|校园生活,深夜,宿舍区,0.0,0.0,0.0,0.0,72.230769,0.19403,0.029851,0.0,0.014925,2026-06-03 14:50:12
u_ext_00122,实习|家教|薪资|二手交易|招聘|闲置|兼职|活动,家教|实习|薪资|二手交易|招聘|闲置,兼职实习|二手交易|社团活动|问答求助,中午,教学区,0.0,0.0,0.036982,0.963018,53.25,0.126984,0.015873,0.015873,0.015873,2026-06-03 14:50:12
u_ext_00123,租房|闲置|电动车|二手交易|教材|兼职|招聘|实习,租房|闲置|电动车|二手交易|教材|实习,二手交易|兼职实习|校园生活|问答求助,深夜,图书馆,0.0,0.0,0.0,1.0,95.5,0.105263,0.035088,0.0,0.122807,2026-06-03 14:50:12
u_ext_00124,课程资料|打印店|校园卡|学习经验|考试|复习资料|学习交流|求问,课程资料|打印店|校园卡|学习经验|考试|复习资料,问答求助|学习交流|二手交易,深夜,校外,0.0,0.0,0.0,0.0,81.625,0.119403,0.044776,0.014925,0.0,2026-06-03 14:50:12
u_ext_00125,交友|志愿服务|社团|招新|活动|求问|校园卡|教材,交友|志愿服务|社团|招新|活动,社团活动|问答求助|二手交易|实习就业,深夜,图书馆,0.0,0.0,1.0,0.0,74.875,0.145455,0.018182,0.018182,0.0,2026-06-03 14:50:12
u_ext_00126,租房|电动车|教材|闲置|二手交易|招聘|家教|薪资,教材|二手交易|租房|电动车|闲置|薪资,二手交易|兼职实习|实习就业|课程评价,早上,校外,0.0,0.0,0.0,1.0,69.2,0.178571,0.053571,0.0,0.017857,2026-06-03 14:50:12
u_ext_00127,租房|电动车|闲置|二手交易|教材|实习|招聘|求问,租房|电动车|闲置|二手交易|教材|招聘,二手交易|实习就业|问答求助|兼职实习,早上,图书馆,0.0,0.0,0.0,0.0,48.333333,0.050847,0.033898,0.016949,0.067797,2026-06-03 14:50:12
u_ext_00128,宿舍|求问|交友|搭子|打印店|选课|老师|给分,宿舍|求问|交友|搭子|打印店|老师,问答求助|恋爱交友|课程评价|校园生活,深夜,图书馆,0.0,0.0,0.0,0.0,60.6,0.089286,0.071429,0.017857,0.0,2026-06-03 14:50:12
u_ext_00129,课程资料|校园卡|租房|二手交易|教材|闲置|宿舍|电动车,校园卡|课程资料,问答求助|二手交易|校园生活,早上,教学区,0.0,1.0,0.0,0.0,88.666667,0.055556,0.055556,0.018519,0.0,2026-06-03 14:50:12
u_ext_00130,教材|电动车|学习经验|复试|保研|考研|408|实习,保研|408|考研|复试|学习经验,二手交易|考研保研|兼职实习|实习就业,深夜,教学区,0.0,0.0,1.0,0.0,77.0,0.138462,0.0,0.015385,0.015385,2026-06-03 14:50:12
u_ext_00131,选课|给分|课程评价|校园生活|拼饭|窗口测评|老师|优惠,选课|给分|课程评价|校园生活|拼饭|窗口测评,课程评价|食堂生活|校园生活|问答求助,早上,图书馆,1.0,0.0,0.0,0.0,57.75,0.066667,0.016667,0.016667,0.033333,2026-06-03 14:50:12
u_ext_00132,二手交易|教材|闲置|求问|课程资料|打印店|宿舍|租房,二手交易|教材|闲置|求问|打印店|课程资料,二手交易|问答求助,早上,宿舍区,0.0,0.0,0.0,0.0,65.166667,0.125,0.0,0.020833,0.0,2026-06-03 14:50:12
u_ext_00133,面试|实习|优惠|窗口测评|校园生活|食堂|拼饭|租房,面试|实习|优惠|窗口测评|校园生活|食堂,实习就业|食堂生活|二手交易|问答求助,早上,校外,0.0,0.311767,0.0,0.688233,88.833333,0.12,0.06,0.04,0.0,2026-06-03 14:50:12
u_ext_00134,校园卡|求问|408|考研|保研|复试|组队|竞赛,校园卡|求问|408|考研|保研|复试,问答求助|考研保研|竞赛科研|兼职实习,早上,图书馆,0.0,0.0,0.0,0.0,78.666667,0.136364,0.015152,0.015152,0.030303,2026-06-03 14:50:12
u_ext_00135,二手交易|教材|电动车|闲置|租房|求问|校园卡|宿舍,二手交易|教材|电动车|闲置|租房|求问,二手交易|问答求助|实习就业|校园生活,早上,食堂区,0.0,0.0,0.0,0.0,90.4,0.175439,0.017544,0.035088,0.0,2026-06-03 14:50:12
u_ext_00136,求问|校园卡|课程资料|打印店|宿舍|就业|招聘|简历,求问|宿舍|校园卡|打印店|课程资料|就业,问答求助|实习就业|恋爱交友|二手交易,早上,教学区,0.0,0.0,0.110695,0.889305,48.333333,0.098361,0.016393,0.0,0.016393,2026-06-03 14:50:12
u_ext_00137,就业|408|简历|实习|保研|考研|招聘|面试,就业|408|简历|实习|保研|考研,实习就业|考研保研|社团活动|问答求助,早上,校外,0.0,0.0,0.0,1.0,77.2,0.169492,0.067797,0.033898,0.0,2026-06-03 14:50:12
u_ext_00138,课程资料|求问|宿舍|打印店|校园卡|教材|租房|闲置,校园卡|求问|课程资料|打印店|宿舍,问答求助|二手交易|兼职实习|考研保研,晚上,图书馆,0.0,0.0,0.0,1.0,67.8,0.166667,0.016667,0.016667,0.033333,2026-06-03 14:50:12
u_ext_00139,教材|电动车|闲置|租房|二手交易|招聘|简历|实习,教材|电动车|闲置|租房|二手交易|简历,二手交易|实习就业|问答求助,深夜,教学区,0.0,0.0,0.0,1.0,57.0,0.109375,0.046875,0.015625,0.03125,2026-06-03 14:50:12
u_ext_00140,学习经验|保研|复试|考研|招聘|408|实习|教材,学习经验|保研|复试|考研|招聘|408,考研保研|二手交易|实习就业|兼职实习,深夜,图书馆,0.0,0.0,0.0,0.0,75.111111,0.134328,0.074627,0.0,0.029851,2026-06-03 14:50:12
u_ext_00141,校园生活|食堂|宿舍|优惠|拼饭|闲置|二手交易|教材,校园生活|食堂|宿舍|优惠|拼饭|闲置,食堂生活|校园生活|二手交易|社团活动,早上,食堂区,0.0,0.0,0.0,0.0,100.5,0.037037,0.018519,0.055556,0.0,2026-06-03 14:50:12
u_ext_00142,租房|闲置|电动车|二手交易|宿舍|校车|兼职|实习,租房|闲置|电动车|二手交易|宿舍|校车,二手交易|校园生活|兼职实习|问答求助,深夜,校外,0.0,0.0,0.0,0.0,86.0,0.092308,0.030769,0.0,0.015385,2026-06-03 14:50:12
u_ext_00143,租房|二手交易|教材|电动车|求问|校园卡|学习经验|课程资料,租房|电动车,二手交易|问答求助|学习交流|实习就业,早上,教学区,0.0,0.0,0.0,0.0,91.5,0.15625,0.046875,0.015625,0.0,2026-06-03 14:50:12
u_ext_00144,二手交易|教材|租房|电动车|闲置|宿舍|求问|校园卡,电动车|教材|租房|二手交易,二手交易|问答求助|兼职实习|实习就业,晚上,图书馆,0.0,0.0,0.0,0.0,78.416667,0.148148,0.024691,0.012346,0.012346,2026-06-03 14:50:12
u_ext_00145,宿舍|校车|实习|招聘|家教|面试|简历|创新项目,宿舍|校车|实习|家教|招聘,校园生活|兼职实习|实习就业|竞赛科研,深夜,宿舍区,0.0,0.544606,0.0,0.455394,54.916667,0.162162,0.054054,0.0,0.054054,2026-06-03 14:50:12
u_ext_00146,二手交易|求问|校园卡|图书馆|教材|闲置|电动车|租房,二手交易|求问|校园卡|图书馆|教材|闲置,二手交易|问答求助,早上,教学区,0.0,0.0,0.0,0.0,103.25,0.068966,0.034483,0.0,0.068966,2026-06-03 14:50:12
u_ext_00147,租房|闲置|二手交易|电动车|宿舍|求问|校园卡|课程资料,租房|闲置|二手交易|电动车|求问|宿舍,二手交易|问答求助|兼职实习|实习就业,深夜,校外,0.0,0.0,0.0,0.0,77.666667,0.101695,0.033898,0.0,0.016949,2026-06-03 14:50:12
u_ext_00148,打印店|课程资料|宿舍|校园卡|求问|面试|招聘|简历,打印店|宿舍|课程资料|求问|校园卡|面试,问答求助|实习就业,早上,校外,0.0,0.0,0.0,1.0,39.0,0.025,0.075,0.0,0.0,2026-06-03 14:50:12
u_ext_00149,408|考研|复试|学习经验|保研|兼职|招聘|实习,408|考研|复试|保研|学习经验|薪资,考研保研|兼职实习|竞赛科研|校园生活,深夜,宿舍区,0.0,0.0,0.0,0.0,50.714286,0.12069,0.0,0.017241,0.0,2026-06-03 14:50:12
u_ext_00150,电动车|租房|二手交易|教材|闲置|求问|校园卡|宿舍,电动车|租房|二手交易|教材|闲置|求问,二手交易|问答求助|校园生活|实习就业,晚上,宿舍区,0.0,0.0,0.0,0.0,71.363636,0.164179,0.074627,0.029851,0.014925,2026-06-03 14:50:12
u_ext_00151,实习|招聘|兼职|薪资|家教|考研|408|保研,实习|招聘|薪资|兼职|家教|考研,兼职实习|考研保研|二手交易|问答求助,下午,校外,0.0,0.0,0.0,1.0,80.875,0.140351,0.035088,0.035088,0.017544,2026-06-03 14:50:12
u_ext_00152,招聘|实习|薪资|租房|电动车|闲置|面试|简历,薪资|招聘|实习,兼职实习|二手交易|实习就业|问答求助,下午,教学区,0.0,0.0,0.0,1.0,60.818182,0.152778,0.013889,0.013889,0.027778,2026-06-03 14:50:12
u_ext_00153,校园生活|拼饭|食堂|优惠|窗口测评|宿舍|校车|共享厨房,校园生活|拼饭|食堂|优惠|窗口测评|宿舍,食堂生活|校园生活|课程评价|问答求助,早上,图书馆,0.0,1.0,0.0,0.0,66.75,0.071429,0.035714,0.053571,0.035714,2026-06-03 14:50:12
u_ext_00154,求问|课程资料|宿舍|打印店|校园卡|闲置|二手交易|电动车,求问|课程资料|宿舍|打印店|校园卡|闲置,问答求助|二手交易|恋爱交友|竞赛科研,下午,食堂区,0.0,0.0,0.0,0.0,80.636364,0.2,0.054545,0.0,0.0,2026-06-03 14:50:12
u_ext_00155,租房|闲置|二手交易|教材|电动车|宿舍|校车|兼职,租房|闲置|二手交易|教材|电动车|宿舍,二手交易|校园生活|兼职实习,深夜,宿舍区,0.0,0.0,0.0,0.0,74.857143,0.114754,0.065574,0.016393,0.032787,2026-06-03 14:50:12
u_ext_00156,简历|招聘|实习|面试|就业|求问|校园卡|课程资料,简历|招聘|实习|面试|就业,实习就业|问答求助|恋爱交友|学习交流,早上,食堂区,0.0,0.0,0.0,1.0,93.125,0.153846,0.019231,0.0,0.0,2026-06-03 14:50:12
u_ext_00157,课程资料|求问|宿舍|校园卡|考研|408|学习经验|复试,课程资料|求问|宿舍,问答求助|考研保研|校园生活|兼职实习,早上,图书馆,1.0,0.0,0.0,0.0,61.111111,0.145161,0.048387,0.0,0.032258,2026-06-03 14:50:12
u_ext_00158,租房|闲置|教材|电动车|二手交易|课程资料|考试|招聘,租房|教材|闲置|电动车|二手交易|课程资料,二手交易|学习交流|实习就业|考研保研,深夜,教学区,1.0,0.0,0.0,0.0,81.5,0.067797,0.050847,0.033898,0.0,2026-06-03 14:50:12
u_ext_00159,招聘|实习|兼职|租房|教材|电动车|二手交易|闲置,兼职|招聘|实习,兼职实习|二手交易|恋爱交友|实习就业,晚上,校外,0.0,0.0,0.123302,0.876698,88.461538,0.173333,0.053333,0.013333,0.026667,2026-06-03 14:50:12
u_ext_00160,二手交易|闲置|实习|租房|宿舍|课程资料|教材|求问,二手交易|闲置|实习,二手交易|问答求助|竞赛科研|实习就业,早上,教学区,0.0,0.0,0.0,0.0,85.0,0.12,0.066667,0.0,0.026667,2026-06-03 14:50:12
u_ext_00161,教材|租房|二手交易|电动车|宿舍|招聘|校车|兼职,教材|电动车|租房|二手交易,二手交易|校园生活|兼职实习|实习就业,深夜,教学区,0.0,1.0,0.0,0.0,74.625,0.137931,0.051724,0.0,0.0,2026-06-03 14:50:12
u_ext_00162,租房|教材|二手交易|闲置|电动车|志愿服务|活动|招新,租房|教材|二手交易|闲置|电动车|志愿服务,二手交易|社团活动|实习就业,深夜,校外,0.0,0.0,0.0,0.0,108.25,0.08,0.0,0.0,0.04,2026-06-03 14:50:12
u_ext_00163,课程资料|校园卡|求问|宿舍|打印店|复习资料|学习交流|考试,课程资料|校园卡|求问|宿舍|打印店|复习资料,问答求助|学习交流|竞赛科研|二手交易,下午,食堂区,0.0,0.0,0.0,0.0,79.166667,0.173913,0.028986,0.028986,0.043478,2026-06-03 14:50:12
u_ext_00164,招聘|实习|闲置|租房|薪资|二手交易|兼职|电动车,招聘|实习|闲置|租房|薪资|二手交易,兼职实习|二手交易|实习就业,深夜,食堂区,0.0,0.0,0.0,0.0,86.166667,0.096774,0.048387,0.0,0.0,2026-06-03 14:50:12
u_ext_00165,二手交易|电动车|租房|教材|闲置|实习|招聘|就业,电动车|租房|二手交易|教材|闲置|招聘,二手交易|实习就业|问答求助|兼职实习,早上,宿舍区,0.048274,0.729223,0.0,0.222503,61.466667,0.272727,0.109091,0.018182,0.054545,2026-06-03 14:50:12
u_ext_00166,二手交易|交友|搭子|教材|闲置|电动车|租房|面试,交友|搭子,二手交易|恋爱交友|实习就业|问答求助,深夜,图书馆,0.0,0.0,1.0,0.0,78.636364,0.141026,0.012821,0.051282,0.012821,2026-06-03 14:50:12
u_ext_00167,实习|面试|简历|招聘|就业|兼职|家教|创新项目,实习|简历|面试|招聘|就业|兼职,实习就业|兼职实习|竞赛科研,深夜,校外,0.0,0.0,0.0,1.0,44.25,0.065574,0.016393,0.016393,0.0,2026-06-03 14:50:12
u_ext_00168,实习|招聘|家教|兼职|薪资|复试|考研|408,实习|招聘|家教|兼职|薪资|复试,兼职实习|考研保研|实习就业|问答求助,下午,食堂区,0.0,0.0,0.0,0.0,101.7,0.181818,0.0,0.0,0.018182,2026-06-03 14:50:12
u_ext_00169,校园生活|宿舍|食堂|共享厨房|优惠|拼饭|窗口测评|校车,校园生活|宿舍|食堂|共享厨房|拼饭|优惠,校园生活|食堂生活,早上,宿舍区,0.0,0.0,0.0,0.0,81.5,0.113208,0.018868,0.0,0.037736,2026-06-03 14:50:12
u_ext_00170,求问|课程资料|校园卡|宿舍|打印店|志愿服务|交友|招新,课程资料|求问|校园卡|宿舍|打印店|志愿服务,问答求助|社团活动,深夜,食堂区,0.0,0.0,0.0,0.0,82.75,0.117647,0.014706,0.014706,0.044118,2026-06-03 14:50:12
u_ext_00171,租房|闲置|电动车|教材|二手交易|宿舍|校车|食堂,租房|闲置,二手交易|校园生活|问答求助,深夜,校外,0.0,1.0,0.0,0.0,59.444444,0.142857,0.031746,0.015873,0.015873,2026-06-03 14:50:12
u_ext_00172,租房|闲置|教材|电动车|交友|社团|课程资料|求问,闲置|租房|教材|电动车|交友|社团,二手交易|社团活动|问答求助|实习就业,早上,教学区,0.0,0.0,1.0,0.0,37.5,0.125,0.015625,0.0,0.046875,2026-06-03 14:50:12
u_ext_00173,宿舍|闲置|二手交易|课程资料|求问|校园生活|食堂|打印店,宿舍|闲置|二手交易|课程资料|求问|校园生活,二手交易|问答求助|校园生活,晚上,宿舍区,0.0,1.0,0.0,0.0,74.875,0.133333,0.016667,0.016667,0.033333,2026-06-03 14:50:12
u_ext_00174,租房|二手交易|电动车|闲置|教材|搭子|求问|校园卡,二手交易|电动车|租房,二手交易|问答求助|恋爱交友,早上,教学区,0.0,0.907499,0.092501,0.0,79.0,0.186441,0.033898,0.0,0.033898,2026-06-03 14:50:12
u_ext_00175,电动车|教材|闲置|二手交易|租房|课程资料|求问|宿舍,电动车|教材|闲置|二手交易|租房|课程资料,二手交易|问答求助,深夜,食堂区,1.0,0.0,0.0,0.0,85.454545,0.192982,0.070175,0.035088,0.017544,2026-06-03 14:50:12
u_ext_00176,求问|宿舍|课程资料|校园卡|打印店|二手交易|租房|闲置,求问|校园卡|课程资料|宿舍|打印店|二手交易,问答求助|二手交易|实习就业|校园生活,深夜,教学区,0.789865,0.18435,0.0,0.025786,46.8,0.076923,0.046154,0.0,0.076923,2026-06-03 14:50:12
u_ext_00177,保研|考研|学习经验|实习|简历|408|科研项目|竞赛,保研|学习经验|考研,考研保研|实习就业|竞赛科研|兼职实习,晚上,教学区,0.0,0.0,0.0,1.0,60.2,0.09434,0.075472,0.018868,0.0,2026-06-03 14:50:12
u_ext_00178,二手交易|租房|闲置|招聘|教材|就业|电动车|实习,二手交易|租房|闲置|招聘|教材|就业,二手交易|实习就业|兼职实习|问答求助,晚上,校外,0.0,0.0,0.0,1.0,84.428571,0.112903,0.048387,0.032258,0.0,2026-06-03 14:50:12
u_ext_00179,求问|校园卡|创新项目|竞赛|科研项目|组队|论文|学习经验,求问|校园卡|创新项目|竞赛|科研项目|组队,问答求助|竞赛科研|考研保研|实习就业,早上,教学区,0.0,0.0,0.0,0.0,99.5,0.070175,0.035088,0.0,0.017544,2026-06-03 14:50:12
u_ext_00180,租房|招聘|面试|就业|简历|教材|闲置|兼职,租房|招聘|面试|就业|简历|教材,二手交易|实习就业|兼职实习|恋爱交友,深夜,教学区,0.0,0.0,0.0,1.0,82.222222,0.219512,0.073171,0.02439,0.0,2026-06-03 14:50:12
u_ext_00181,校园生活|食堂|宿舍|校车|共享厨房|给分|老师|选课,共享厨房|校园生活|宿舍|校车|食堂,校园生活|课程评价|二手交易|食堂生活,早上,教学区,0.0,0.0,0.0,0.0,63.363636,0.166667,0.0,0.015152,0.0,2026-06-03 14:50:12
u_ext_00182,实习|招聘|就业|考研|学习经验|保研|复试|竞赛,实习|招聘|就业|学习经验|考研|保研,实习就业|考研保研|竞赛科研|兼职实习,晚上,图书馆,0.0,0.0,0.0,0.0,85.727273,0.215686,0.039216,0.0,0.019608,2026-06-03 14:50:12
u_ext_00183,课程资料|宿舍|求问|打印店|校园卡|电动车|二手交易|租房,求问|宿舍|打印店|课程资料,问答求助|二手交易,深夜,食堂区,1.0,0.0,0.0,0.0,77.0,0.181818,0.018182,0.0,0.018182,2026-06-03 14:50:12
u_ext_00184,课程资料|求问|打印店|宿舍|校园卡|复习资料|二手交易|教材,课程资料|求问|打印店|宿舍|校园卡|复习资料,问答求助|学习交流|二手交易,深夜,教学区,0.0,0.0,0.0,0.0,82.777778,0.173077,0.057692,0.019231,0.0,2026-06-03 14:50:12
u_ext_00185,二手交易|闲置|电动车|租房|教材|课程资料|求问|打印店,电动车|闲置|租房|二手交易|教材,二手交易|问答求助|竞赛科研,深夜,校外,0.0,1.0,0.0,0.0,85.714286,0.12069,0.017241,0.017241,0.034483,2026-06-03 14:50:12
u_ext_00186,校园生活|宿舍|校车|共享厨房|选课|课程评价|期末|食堂,共享厨房|校园生活|校车|宿舍|选课|期末,校园生活|课程评价|社团活动|二手交易,早上,校外,0.0,0.836348,0.163652,0.0,84.615385,0.173333,0.106667,0.013333,0.026667,2026-06-03 14:50:12
u_ext_00187,租房|二手交易|教材|电动车|闲置|就业|简历|招聘,租房|二手交易|教材|电动车|闲置|就业,二手交易|实习就业|问答求助,早上,宿舍区,0.0,1.0,0.0,0.0,89.111111,0.157895,0.0,0.017544,0.017544,2026-06-03 14:50:12
u_ext_00188,租房|二手交易|教材|电动车|实习|闲置|招聘|面试,租房|二手交易|教材|电动车|实习|闲置,二手交易|实习就业|问答求助|食堂生活,早上,食堂区,0.0,0.757554,0.0,0.242446,89.0,0.142857,0.047619,0.015873,0.015873,2026-06-03 14:50:12
u_ext_00189,校园生活|校车|共享厨房|老师|期末|选课|二手交易|闲置,校车|共享厨房|校园生活,校园生活|课程评价|二手交易|社团活动,晚上,教学区,0.0,0.0,0.0,0.0,74.75,0.222222,0.074074,0.0,0.0,2026-06-03 14:50:12
u_ext_00190,招聘|实习|家教|兼职|薪资|租房|二手交易|教材,实习|家教|兼职|薪资|招聘|租房,兼职实习|二手交易|实习就业|问答求助,早上,教学区,0.0,0.0,0.0,1.0,73.25,0.135593,0.033898,0.016949,0.016949,2026-06-03 14:50:12
u_ext_00191,租房|二手交易|电动车|闲置|实习|就业|简历|教材,实习|就业|简历,二手交易|实习就业|问答求助,深夜,宿舍区,0.0,0.0,0.0,1.0,81.214286,0.28,0.02,0.0,0.02,2026-06-03 14:50:12
u_ext_00192,闲置|二手交易|校园卡|电动车|租房|宿舍|课程资料|求问,二手交易|闲置|校园卡|电动车|租房|宿舍,二手交易|问答求助,晚上,校外,0.0,0.0,0.0,0.0,98.75,0.057143,0.014286,0.0,0.014286,2026-06-03 14:50:12
u_ext_00193,租房|二手交易|课程资料|打印店|宿舍|求问|校园卡|简历,租房|二手交易,二手交易|问答求助|实习就业|社团活动,下午,校外,0.0,0.0,0.0,1.0,61.428571,0.112903,0.032258,0.0,0.0,2026-06-03 14:50:12
u_ext_00194,租房|闲置|电动车|简历|实习|面试|招聘|就业,简历|实习|面试|招聘|就业|电动车,二手交易|实习就业|问答求助|竞赛科研,早上,食堂区,0.0,0.307109,0.0,0.692891,74.428571,0.225806,0.048387,0.064516,0.016129,2026-06-03 14:50:12
u_ext_00195,求问|校园卡|课程资料|打印店|宿舍|校车|实习|家教,求问|校园卡|课程资料|打印店|宿舍|校车,问答求助|校园生活|兼职实习,深夜,食堂区,0.0,0.0,0.0,0.0,95.75,0.078431,0.058824,0.0,0.0,2026-06-03 14:50:12
u_ext_00196,宿舍|食堂|校园生活|校车|共享厨房|选课|给分|课程评价,宿舍|食堂|校园生活|共享厨房|校车|期末,校园生活|课程评价|问答求助|社团活动,深夜,教学区,0.0,0.0,1.0,0.0,69.6,0.192308,0.019231,0.019231,0.0,2026-06-03 14:50:12
u_ext_00197,校园生活|食堂|校车|宿舍|共享厨房|选课|老师|给分,共享厨房|校园生活|食堂|校车,校园生活|课程评价|二手交易|食堂生活,深夜,宿舍区,0.0,0.0,0.0,0.0,52.75,0.266667,0.016667,0.0,0.033333,2026-06-03 14:50:12
u_ext_00198,租房|闲置|电动车|教材|二手交易|求问|校园卡|宿舍,租房|闲置|电动车|教材|二手交易|求问,二手交易|问答求助|兼职实习|实习就业,晚上,宿舍区,0.0,0.0,0.0,0.0,76.428571,0.125,0.107143,0.035714,0.017857,2026-06-03 14:50:12
u_ext_00199,考研|408|复试|学习经验|保研|竞赛|创新项目|科研项目,考研|408|复试|学习经验|保研,考研保研|竞赛科研|实习就业|兼职实习,早上,图书馆,1.0,0.0,0.0,0.0,68.714286,0.114754,0.04918,0.0,0.032787,2026-06-03 14:50:12
u_ext_00200,校园生活|共享厨房|宿舍|食堂|校车|志愿服务|活动|招新,校园生活|共享厨房|宿舍|食堂|校车|志愿服务,校园生活|社团活动|课程评价|问答求助,早上,宿舍区,0.0,0.0,1.0,0.0,87.727273,0.196429,0.017857,0.017857,0.107143,2026-06-03 14:50:12
u_ext_00201,招聘|实习|租房|简历|面试|就业|二手交易|闲置,实习|招聘|租房|简历|面试|就业,二手交易|实习就业|兼职实习|问答求助,晚上,食堂区,0.0,0.0,0.022173,0.977827,47.333333,0.09375,0.0625,0.015625,0.03125,2026-06-03 14:50:12
u_ext_00202,课程资料|求问|宿舍|教材|租房|电动车|闲置|招聘,课程资料|求问|宿舍,问答求助|二手交易|实习就业|兼职实习,深夜,图书馆,0.788711,0.0,0.0,0.211289,88.083333,0.214286,0.053571,0.0,0.017857,2026-06-03 14:50:12
u_ext_00203,校园卡|打印店|食堂|宿舍|求问|课程资料|校园生活|校车,校园卡|打印店,问答求助|校园生活|食堂生活|社团活动,早上,校外,0.0,1.0,0.0,0.0,73.636364,0.174603,0.015873,0.0,0.031746,2026-06-03 14:50:12
u_ext_00204,租房|教材|电动车|闲置|兼职|招聘|家教|实习,租房|教材|电动车|闲置|招聘|兼职,二手交易|兼职实习|问答求助,晚上,图书馆,0.0,0.0,0.0,0.0,92.166667,0.107143,0.053571,0.017857,0.017857,2026-06-03 14:50:12
u_ext_00205,创新项目|竞赛|组队|课程资料|学习经验|考试|复习资料|学习交流,创新项目|竞赛|组队|考试|复习资料|课程资料,竞赛科研|学习交流|问答求助|二手交易,晚上,图书馆,1.0,0.0,0.0,0.0,43.5,0.098361,0.04918,0.0,0.0,2026-06-03 14:50:12
u_ext_00206,电动车|租房|教材|二手交易|闲置|食堂|宿舍|招聘,电动车|租房|教材|二手交易|闲置|食堂,二手交易|校园生活|实习就业|学习交流,早上,校外,0.0,0.0,0.0,0.0,59.857143,0.114754,0.065574,0.032787,0.032787,2026-06-03 14:50:12
u_ext_00207,教材|二手交易|电动车|租房|闲置|交友|搭子|东校,教材|电动车|二手交易,二手交易|恋爱交友,早上,教学区,0.0,0.0,0.0,0.0,94.333333,0.163636,0.018182,0.0,0.0,2026-06-03 14:50:12
u_ext_00208,交友|社团|招新|志愿服务|宿舍|校园生活|食堂|求问,交友|社团|招新|志愿服务|宿舍|校园生活,社团活动|校园生活|问答求助|食堂生活,深夜,食堂区,0.0,0.0,0.0,0.0,96.833333,0.105263,0.035088,0.017544,0.017544,2026-06-03 14:50:12
u_ext_00209,课程资料|宿舍|校园卡|打印店|求问|复习资料|学习交流|考试,课程资料|宿舍|校园卡|打印店|求问|复习资料,问答求助|学习交流|二手交易|竞赛科研,深夜,图书馆,0.0,0.0,0.0,0.0,83.888889,0.166667,0.018519,0.018519,0.018519,2026-06-03 14:50:12
u_ext_00210,实习|家教|408|考研|学习经验|保研|招聘|简历,实习|家教|408|考研|学习经验|保研,兼职实习|考研保研|实习就业|竞赛科研,早上,食堂区,0.0,0.0,0.0,0.0,74.0,0.166667,0.05,0.05,0.0,2026-06-03 14:50:12
u_ext_00211,租房|教材|电动车|闲置|宿舍|求问|课程资料|二手交易,教材|租房|电动车|闲置|宿舍|课程资料,二手交易|问答求助|实习就业|校园生活,深夜,宿舍区,0.004114,0.995886,0.0,0.0,57.75,0.2,0.066667,0.033333,0.033333,2026-06-03 14:50:12
u_ext_00212,课程资料|打印店|校园卡|求问|宿舍|实习|招聘|薪资,课程资料|宿舍|校园卡|打印店|求问|实习,问答求助|兼职实习|竞赛科研|实习就业,深夜,校外,0.439344,0.0,0.0,0.560656,72.727273,0.148649,0.054054,0.0,0.027027,2026-06-03 14:50:12
u_ext_00213,实习|招聘|求问|校园卡|薪资|保研|408|兼职,实习|招聘|校园卡|求问|薪资|保研,问答求助|兼职实习|考研保研|实习就业,早上,宿舍区,0.0,0.0,0.0,0.0,77.25,0.179104,0.0,0.029851,0.0,2026-06-03 14:50:12
u_ext_00214,保研|复试|学习经验|408|考研|实习|兼职|招聘,学习经验|考研|保研|复试|408,考研保研|兼职实习|竞赛科研|二手交易,晚上,图书馆,0.0,0.0,0.0,1.0,70.166667,0.113208,0.056604,0.0,0.075472,2026-06-03 14:50:12
u_ext_00215,电动车|租房|求问|校园卡|教材|二手交易|学习经验|考研,电动车|租房,二手交易|问答求助|考研保研|实习就业,深夜,图书馆,0.0,1.0,0.0,0.0,76.555556,0.134328,0.029851,0.029851,0.0,2026-06-03 14:50:12
u_ext_00216,课程资料|求问|宿舍|打印店|校园卡|交友|搭子,课程资料|求问|宿舍|打印店|校园卡|交友,问答求助|恋爱交友,早上,教学区,0.0,0.0,0.0,0.0,79.5,0.076923,0.057692,0.0,0.019231,2026-06-03 14:50:12
u_ext_00217,校园生活|老师|选课|课程评价|活动|社团|宿舍|食堂,校园生活|选课|老师|课程评价|活动|社团,课程评价|社团活动|校园生活|问答求助,深夜,校外,0.0,0.0,0.0,0.0,64.0,0.183673,0.061224,0.0,0.020408,2026-06-03 14:50:12
u_ext_00218,二手交易|教材|闲置|租房|求问|校园卡|宿舍|课程资料,教材|二手交易|闲置|租房|求问|校园卡,二手交易|问答求助|实习就业|校园生活,晚上,宿舍区,0.134364,0.865636,0.0,0.0,68.909091,0.192982,0.070175,0.052632,0.0,2026-06-03 14:50:12
u_ext_00219,租房|教材|二手交易|电动车|闲置|打印店|课程资料|校园卡,电动车|租房|教材|闲置|二手交易,二手交易|问答求助|兼职实习,深夜,食堂区,0.0,1.0,0.0,0.0,57.0,0.090909,0.030303,0.0,0.015152,2026-06-03 14:50:12
u_ext_00220,教材|二手交易|电动车|租房|闲置|课程资料|宿舍|打印店,教材|二手交易|电动车|租房|闲置|课程资料,二手交易|问答求助|校园生活|竞赛科研,早上,宿舍区,0.0,1.0,0.0,0.0,66.416667,0.193548,0.016129,0.048387,0.032258,2026-06-03 14:50:12
u_ext_00221,实习|二手交易|闲置|求问|校园卡|图书馆|保研|复试,二手交易|闲置|实习|求问|校园卡|图书馆,二手交易|问答求助|考研保研|实习就业,深夜,食堂区,0.0,0.998349,0.0,0.001651,75.272727,0.142857,0.012987,0.012987,0.012987,2026-06-03 14:50:12
u_ext_00222,租房|电动车|二手交易|闲置|教材|实习|薪资|兼职,租房|电动车|二手交易|闲置|教材|实习,二手交易|兼职实习|问答求助,深夜,食堂区,0.0,0.0,0.0,0.0,52.142857,0.137255,0.078431,0.019608,0.019608,2026-06-03 14:50:12
u_ext_00223,食堂|校园生活|宿舍|校车|共享厨房|拼饭|窗口测评|优惠,校园生活|食堂|宿舍|共享厨房|校车|窗口测评,校园生活|食堂生活|问答求助|考研保研,晚上,校外,0.0,0.0,0.0,0.0,67.8,0.098039,0.0,0.019608,0.039216,2026-06-03 14:50:12
u_ext_00224,招聘|兼职|家教|租房|电动车|实习|二手交易|教材,拼饭|优惠|窗口测评,兼职实习|二手交易|食堂生活|实习就业,深夜,图书馆,0.0,0.0,0.0,1.0,85.25,0.123077,0.061538,0.030769,0.0,2026-06-03 14:50:12
u_ext_00225,二手交易|租房|招聘|兼职|薪资|校园卡|求问|课程资料,二手交易|租房|招聘|兼职|薪资|校园卡,二手交易|兼职实习|问答求助|考研保研,晚上,教学区,0.0,0.0,0.069159,0.930841,76.4,0.136986,0.027397,0.027397,0.0,2026-06-03 14:50:12
u_ext_00226,租房|电动车|闲置|二手交易|教材|面试|简历|招聘,租房|闲置|电动车|二手交易|教材|面试,二手交易|实习就业|问答求助,深夜,校外,0.0,0.0,0.0,0.0,90.5,0.140351,0.017544,0.0,0.017544,2026-06-03 14:50:12
u_ext_00227,校车|宿舍|校园生活|共享厨房|食堂|求问|校园卡|课程资料,校车|宿舍|校园生活|共享厨房|食堂|校园卡,校园生活|问答求助|食堂生活,早上,宿舍区,0.0,0.0,0.0,0.0,87.285714,0.106061,0.045455,0.030303,0.015152,2026-06-03 14:50:12
u_ext_00228,搭子|交友|校园生活|食堂|校车|宿舍|拼饭|优惠,交友|搭子,恋爱交友|校园生活|食堂生活,晚上,校外,0.0,0.0,1.0,0.0,51.428571,0.148936,0.0,0.021277,0.0,2026-06-03 14:50:12
u_ext_00229,校园生活|食堂|共享厨房|校车|宿舍|优惠|窗口测评|拼饭,食堂|校园生活|校车|宿舍|共享厨房|优惠,校园生活|食堂生活|问答求助|课程评价,早上,图书馆,0.0,0.0,0.0,0.0,63.666667,0.058824,0.0,0.039216,0.0,2026-06-03 14:50:12
u_ext_00230,实习|简历|招聘|创新项目|科研项目|竞赛|组队|学习经验,简历|招聘|实习,实习就业|竞赛科研|考研保研|恋爱交友,早上,图书馆,0.0,0.0,0.80188,0.19812,71.7,0.175439,0.070175,0.052632,0.0,2026-06-03 14:50:12
u_ext_00231,二手交易|闲置|租房|电动车|南校|教材|课程资料|校园卡,二手交易|闲置|电动车|租房|南校|校园卡,二手交易|问答求助|竞赛科研|校园生活,深夜,宿舍区,0.0,1.0,0.0,0.0,71.769231,0.188406,0.043478,0.072464,0.043478,2026-06-03 14:50:12
u_ext_00232,课程资料|求问|打印店|校园卡|宿舍|闲置|二手交易|面试,课程资料|打印店|求问|校园卡|宿舍|二手交易,问答求助|二手交易|实习就业|竞赛科研,早上,图书馆,0.0,0.0,0.0,0.0,63.5,0.067797,0.033898,0.016949,0.0,2026-06-03 14:50:12
u_ext_00233,租房|闲置|教材|求问|校园卡|宿舍|二手交易|电动车,租房|教材|闲置|求问|校园卡|宿舍,二手交易|问答求助|兼职实习,晚上,校外,0.0,0.0,0.0,0.0,65.5,0.123077,0.0,0.0,0.0,2026-06-03 14:50:12
u_ext_00234,租房|教材|闲置|二手交易|电动车|求问|校园卡|家教,租房|教材|闲置|二手交易|电动车|求问,二手交易|问答求助|兼职实习|食堂生活,下午,食堂区,0.0,0.0,0.0,0.0,68.555556,0.140625,0.03125,0.0,0.015625,2026-06-03 14:50:12
u_ext_00235,课程资料|打印店|求问|宿舍|校园卡,课程资料|宿舍|求问|打印店,问答求助,深夜,图书馆,1.0,0.0,0.0,0.0,34.0,0.035088,0.052632,0.0,0.035088,2026-06-03 14:50:12
u_ext_00236,课程资料|校园卡|求问|打印店|宿舍|交友|搭子|教材,校园卡|求问|打印店|课程资料,问答求助|恋爱交友|二手交易|校园生活,早上,图书馆,0.0,0.0,0.0,0.0,62.5,0.188679,0.018868,0.018868,0.0,2026-06-03 14:50:12
u_ext_00237,实习|408|考研|保研|招聘|复试|学习经验|面试,实习|408|考研|保研|招聘|复试,考研保研|实习就业|竞赛科研|问答求助,早上,食堂区,0.0,0.0,0.0,0.0,81.0,0.2,0.030769,0.015385,0.0,2026-06-03 14:50:12
u_ext_00238,招聘|实习|面试|简历|就业|租房|二手交易|教材,简历|实习|面试|招聘|就业,实习就业|二手交易|兼职实习|问答求助,深夜,教学区,0.0,0.0,0.0,1.0,71.454545,0.177419,0.080645,0.016129,0.016129,2026-06-03 14:50:12
u_ext_00239,租房|二手交易|电动车|闲置|教材|兼职|招聘|薪资,租房|二手交易|电动车|闲置|教材|兼职,二手交易|兼职实习,晚上,图书馆,0.0,0.0,0.0,1.0,55.0,0.093023,0.023256,0.046512,0.0,2026-06-03 14:50:12
u_ext_00240,招聘|面试|简历|复试|考研|实习|408|薪资,招聘|面试|简历|复试|考研|实习,考研保研|实习就业|兼职实习|恋爱交友,早上,图书馆,0.0,0.0,1.0,0.0,69.588235,0.232877,0.041096,0.013699,0.013699,2026-06-03 14:50:12
u_ext_00241,社团|招聘|实习|招新|就业|简历|面试|活动,社团|招聘|实习|招新|就业|简历,社团活动|实习就业|问答求助|兼职实习,下午,教学区,0.0,0.0,0.0,0.0,42.0,0.081967,0.065574,0.032787,0.0,2026-06-03 14:50:12
u_ext_00242,课程资料|打印店|求问|校园卡|闲置|宿舍|电动车|二手交易,课程资料|打印店|求问|校园卡|闲置|宿舍,问答求助|二手交易|校园生活,下午,宿舍区,0.0,1.0,0.0,0.0,85.125,0.16,0.06,0.0,0.06,2026-06-03 14:50:12
u_ext_00243,校园生活|食堂|课程评价|选课|老师|宿舍|给分|拼饭,校园生活|食堂|老师|课程评价|选课|宿舍,校园生活|课程评价|食堂生活|问答求助,早上,校外,0.0,0.0,0.0,0.0,65.625,0.117647,0.0,0.044118,0.014706,2026-06-03 14:50:12
u_ext_00244,租房|电动车|二手交易|交友|搭子|求问|课程资料|宿舍,二手交易|电动车|租房,二手交易|恋爱交友|问答求助|校园生活,早上,食堂区,0.0,0.649594,0.350406,0.0,76.8,0.15625,0.109375,0.0,0.03125,2026-06-03 14:50:12
u_ext_00245,实习|面试|简历|就业|招聘|考研|科研项目|论文,面试|招聘|实习|简历|就业,实习就业|考研保研|竞赛科研|问答求助,早上,教学区,0.0,0.0,0.0,0.0,84.090909,0.150685,0.027397,0.013699,0.027397,2026-06-03 14:50:12
u_ext_00246,闲置|租房|二手交易|电动车|教材|求问|招聘|实习,闲置|租房|二手交易|电动车|教材|求问,二手交易|问答求助|恋爱交友|实习就业,深夜,食堂区,0.0,0.0,0.0,0.0,68.111111,0.134328,0.014925,0.014925,0.029851,2026-06-03 14:50:12
u_ext_00247,宿舍|校车|二手交易|电动车|教材|租房|课程资料|闲置,宿舍|校车|二手交易|电动车|教材|租房,校园生活|二手交易|问答求助|学习交流,下午,宿舍区,0.0,0.0,0.0,0.0,67.692308,0.232143,0.035714,0.017857,0.035714,2026-06-03 14:50:12
u_ext_00248,租房|二手交易|电动车|教材|闲置|招聘|就业|宿舍,电动车|租房|二手交易,二手交易|实习就业|问答求助|校园生活,晚上,宿舍区,0.0,1.0,0.0,0.0,84.529412,0.236111,0.083333,0.0,0.027778,2026-06-03 14:50:12
u_ext_00249,租房|教材|二手交易|闲置|电动车|校园卡|求问|课程资料,租房|教材|二手交易|闲置|电动车|校园卡,二手交易|问答求助,下午,教学区,0.0,0.0,0.0,0.0,84.125,0.135593,0.016949,0.016949,0.016949,2026-06-03 14:50:12
u_ext_00250,校园生活|食堂|拼饭|窗口测评|宿舍|校车|学习交流|复习资料,校园生活|食堂|拼饭|窗口测评|宿舍|校车,食堂生活|校园生活|学习交流|社团活动,深夜,图书馆,0.0,1.0,0.0,0.0,68.375,0.166667,0.104167,0.0,0.020833,2026-06-03 14:50:12
u_ext_00251,租房|二手交易|闲置|电动车|教材|宿舍|课程资料|求问,二手交易|租房|闲置|电动车|教材|宿舍,二手交易|问答求助|校园生活|兼职实习,深夜,校外,0.0,0.0,0.0,0.0,85.5,0.067797,0.050847,0.0,0.033898,2026-06-03 14:50:12
u_ext_00252,租房|闲置|电动车|实习|家教|薪资|教材|二手交易,租房|闲置|电动车|实习|家教|薪资,二手交易|兼职实习|问答求助|实习就业,晚上,食堂区,0.0,0.0,0.0,0.0,99.6,0.125,0.0125,0.0125,0.0375,2026-06-03 14:50:12
u_ext_00253,课程资料|校园卡|求问|打印店|教材|租房|宿舍|志愿服务,课程资料|校园卡|求问|打印店|教材|租房,问答求助|二手交易|社团活动|考研保研,早上,校外,0.0,0.0,1.0,0.0,73.714286,0.109375,0.046875,0.03125,0.015625,2026-06-03 14:50:12
u_ext_00254,招聘|面试|实习|简历|二手交易|闲置|租房|教材,面试|招聘,实习就业|二手交易|问答求助|兼职实习,早上,图书馆,0.117143,0.0,0.0,0.882857,93.3,0.15625,0.0,0.015625,0.015625,2026-06-03 14:50:12
u_ext_00255,选课|期末|课程评价|给分|校园生活|拼饭|老师|求问,选课|期末|课程评价|给分|拼饭|校园生活,课程评价|食堂生活|问答求助,深夜,图书馆,1.0,0.0,0.0,0.0,74.714286,0.152174,0.0,0.0,0.0,2026-06-03 14:50:12
u_ext_00256,校园卡|课程资料|租房|教材|闲置|二手交易|电动车|求问,校园卡|课程资料|求问|打印店|宿舍|租房,问答求助|二手交易,早上,图书馆,1.0,0.0,0.0,0.0,76.888889,0.157895,0.035088,0.0,0.070175,2026-06-03 14:50:12
u_ext_00257,宿舍|课程资料|求问|打印店|校园卡|考研|学习经验|保研,求问|课程资料|打印店|宿舍,问答求助|考研保研|社团活动,早上,食堂区,0.0,0.0,0.0,0.0,102.6,0.083333,0.016667,0.0,0.0,2026-06-03 14:50:12
u_ext_00258,招聘|实习|家教|兼职|校园卡|求问|宿舍|课程资料,实习|家教|招聘,兼职实习|问答求助|实习就业|考研保研,晚上,宿舍区,0.286402,0.0,0.0,0.713598,71.0,0.220339,0.033898,0.0,0.016949,2026-06-03 14:50:12
u_ext_00259,闲置|电动车|租房|二手交易|教材|南校|面试|招聘,闲置|电动车|租房|二手交易|教材|南校,二手交易|实习就业,早上,食堂区,0.0,0.0,0.0,0.0,71.833333,0.09375,0.078125,0.0,0.015625,2026-06-03 14:50:12
u_ext_00260,租房|招聘|实习|面试|简历|教材|就业|二手交易,租房|招聘|实习|简历|面试|教材,二手交易|实习就业|兼职实习|问答求助,晚上,图书馆,0.0,0.0,0.0,0.0,73.5,0.121212,0.045455,0.015152,0.0,2026-06-03 14:50:12
u_ext_00261,租房|二手交易|教材|电动车|闲置|实习|招聘|简历,租房|二手交易|教材|闲置|电动车|实习,二手交易|实习就业|问答求助|兼职实习,早上,教学区,0.0,0.0,0.0,1.0,93.0,0.078431,0.058824,0.019608,0.019608,2026-06-03 14:50:12
u_ext_00262,二手交易|租房|电动车|闲置|教材|简历|就业|宿舍,二手交易|租房|电动车|闲置|教材|简历,二手交易|实习就业|校园生活,早上,食堂区,0.0,0.0,0.0,0.0,49.0,0.122807,0.035088,0.017544,0.017544,2026-06-03 14:50:12
u_ext_00263,租房|电动车|教材|闲置|求问|校园卡|二手交易|交友,租房|电动车|教材|闲置|求问|校园卡,二手交易|问答求助|恋爱交友|兼职实习,深夜,校外,0.0,0.0,0.0,0.0,67.5,0.0625,0.0625,0.0,0.046875,2026-06-03 14:50:12
u_ext_00264,课程资料|求问|打印店|校园卡|宿舍|教材|二手交易|租房,课程资料|求问|打印店|校园卡|宿舍|教材,问答求助|二手交易|考研保研|学习交流,晚上,食堂区,1.0,0.0,0.0,0.0,68.533333,0.217391,0.028986,0.028986,0.0,2026-06-03 14:50:12
u_ext_00265,校园卡|求问|组队|竞赛|课程资料|打印店|宿舍,校园卡|求问|组队|竞赛|课程资料|打印店,问答求助|竞赛科研,深夜,教学区,0.0,0.0,0.0,0.0,77.5,0.031746,0.015873,0.015873,0.031746,2026-06-03 14:50:12
u_ext_00266,租房|电动车|教材|闲置|二手交易|实习|招聘|兼职,租房|教材|电动车|二手交易|闲置,二手交易|兼职实习|问答求助|实习就业,深夜,宿舍区,0.0,0.74027,0.0,0.25973,83.5,0.25,0.083333,0.020833,0.041667,2026-06-03 14:50:12
u_ext_00267,闲置|租房|电动车|教材|实习|招聘|面试|二手交易,面试|招聘|实习,二手交易|实习就业|问答求助|兼职实习,深夜,食堂区,0.0,0.0,0.0,1.0,104.0,0.114754,0.032787,0.0,0.04918,2026-06-03 14:50:12
u_ext_00268,闲置|租房|教材|二手交易|实习|电动车|家教|兼职,闲置|教材|租房|二手交易|实习|电动车,二手交易|兼职实习|问答求助|实习就业,早上,食堂区,0.0,0.0,0.0,1.0,78.625,0.129032,0.032258,0.0,0.032258,2026-06-03 14:50:12
u_ext_00269,求问|校园卡|课程资料|宿舍|打印店|闲置|二手交易|教材,求问|校园卡,问答求助|二手交易|竞赛科研,深夜,宿舍区,0.0,1.0,0.0,0.0,76.538462,0.224138,0.034483,0.017241,0.017241,2026-06-03 14:50:12
u_ext_00270,租房|电动车|二手交易|教材|闲置|实习|招聘|简历,租房|电动车|二手交易|教材|闲置|招聘,二手交易|实习就业|兼职实习|学习交流,早上,宿舍区,0.0,0.0,0.0,1.0,83.0,0.1,0.066667,0.066667,0.016667,2026-06-03 14:50:12
u_ext_00271,志愿服务|交友|招新|保研|复试|科研项目|论文|竞赛,志愿服务|交友|招新|复试|保研|科研项目,社团活动|考研保研|竞赛科研|兼职实习,深夜,食堂区,0.0,0.0,1.0,0.0,73.166667,0.130435,0.043478,0.0,0.0,2026-06-03 14:50:12
u_ext_00272,二手交易|租房|教材|电动车|闲置|校园生活|宿舍|校车,二手交易|租房|教材|电动车|闲置|校园生活,二手交易|校园生活,深夜,宿舍区,0.0,1.0,0.0,0.0,64.333333,0.20339,0.067797,0.050847,0.033898,2026-06-03 14:50:12
u_ext_00273,校园生活|食堂|宿舍|期末|选课|老师|校车|共享厨房,校园生活|食堂|宿舍|期末|选课|老师,课程评价|校园生活|食堂生活|问答求助,早上,校外,0.0,0.0,0.0,0.0,90.3,0.163934,0.0,0.016393,0.016393,2026-06-03 14:50:12
u_ext_00274,拍照|羽毛球|活动|交友|搭子|租房|教材|二手交易,拍照|羽毛球|活动|交友|搭子,恋爱交友|二手交易|问答求助|兼职实习,晚上,食堂区,0.0,0.0,0.0,1.0,25.0,0.105263,0.052632,0.017544,0.017544,2026-06-03 14:50:12
u_ext_00275,租房|电动车|二手交易|教材|闲置|招聘|搭子|拍照,租房|电动车|二手交易|教材|闲置|招聘,二手交易|实习就业|恋爱交友|兼职实习,深夜,图书馆,0.0,0.0,0.959138,0.040862,66.875,0.133333,0.033333,0.016667,0.05,2026-06-03 14:50:12
u_ext_00276,二手交易|租房|电动车|闲置|教材|求问|校园卡|南校,二手交易|电动车|租房|闲置|教材|求问,二手交易|问答求助,早上,教学区,1.0,0.0,0.0,0.0,96.0,0.044444,0.111111,0.0,0.022222,2026-06-03 14:50:12
u_ext_00277,宿舍|求问|校园卡|实习|科研项目|竞赛|招聘|简历,求问|校园卡|宿舍|实习|竞赛|科研项目,问答求助|实习就业|考研保研|竞赛科研,深夜,校外,0.0,0.0,0.0,0.0,86.888889,0.134328,0.014925,0.0,0.014925,2026-06-03 14:50:12
u_ext_00278,简历|面试|实习|招聘|就业|兼职|薪资|求问,简历|面试,实习就业|兼职实习|问答求助|课程评价,早上,图书馆,0.0,0.0,0.0,1.0,104.428571,0.145833,0.083333,0.0,0.0,2026-06-03 14:50:12
u_ext_00279,校园生活|拼饭|优惠|食堂|窗口测评|宿舍|校车|共享厨房,校园生活|拼饭|优惠|食堂|窗口测评|宿舍,食堂生活|校园生活|二手交易|社团活动,晚上,食堂区,0.0,0.0,1.0,0.0,63.5,0.222222,0.047619,0.015873,0.015873,2026-06-03 14:50:12
u_ext_00280,校园卡|课程资料|打印店|求问|教材|闲置|二手交易|兼职,校园卡|课程资料|打印店|求问|二手交易|闲置,问答求助|二手交易|兼职实习|恋爱交友,深夜,图书馆,0.0,0.0,0.0,1.0,51.285714,0.118644,0.016949,0.0,0.033898,2026-06-03 14:50:12
u_ext_00281,招聘|实习|兼职|家教|薪资|教材|电动车|租房,实习|招聘|薪资|兼职|家教,兼职实习|二手交易|实习就业|问答求助,早上,教学区,0.0,0.0,0.0,1.0,73.1,0.149254,0.014925,0.029851,0.029851,2026-06-03 14:50:12
u_ext_00282,租房|电动车|教材|二手交易|闲置|招聘|实习|就业,租房|电动车|二手交易|闲置|教材|招聘,二手交易|实习就业|兼职实习|问答求助,早上,教学区,0.0,0.0,0.0,0.0,70.0,0.12,0.0,0.0,0.0,2026-06-03 14:50:12
u_ext_00283,租房|电动车|实习|二手交易|闲置|教材|家教|招聘,租房|电动车|实习|二手交易|闲置|教材,二手交易|兼职实习|实习就业|问答求助,早上,食堂区,0.0,0.0,0.0,1.0,82.444444,0.163636,0.036364,0.0,0.036364,2026-06-03 14:50:12
u_ext_00284,租房|闲置|教材|电动车|简历|就业|二手交易|招聘,租房|闲置|教材|电动车|简历|就业,二手交易|实习就业|兼职实习|问答求助,早上,校外,0.0,0.0,0.0,1.0,65.5,0.1,0.066667,0.0,0.016667,2026-06-03 14:50:12
u_ext_00285,招聘|实习|就业|简历|家教|兼职|保研|学习经验,简历|就业|实习|兼职|招聘|家教,实习就业|兼职实习|考研保研|校园生活,深夜,教学区,0.065224,0.0,0.0,0.934776,61.25,0.190476,0.047619,0.015873,0.047619,2026-06-03 14:50:12
u_ext_00286,实习|家教|招聘|租房|二手交易|闲置|兼职|薪资,兼职|招聘|薪资|家教|实习,兼职实习|二手交易|实习就业|问答求助,晚上,食堂区,0.0,0.0,0.0,1.0,72.428571,0.148936,0.042553,0.042553,0.0,2026-06-03 14:50:12
u_ext_00287,二手交易|闲置|电动车|求问|课程资料|打印店|宿舍|校园卡,闲置|二手交易|电动车|求问|课程资料|打印店,二手交易|问答求助|食堂生活|恋爱交友,深夜,食堂区,0.0,0.0,0.0,0.0,84.75,0.140351,0.035088,0.017544,0.0,2026-06-03 14:50:12
u_ext_00288,课程资料|宿舍|打印店|求问|校园卡|教材|电动车|租房,课程资料|宿舍|打印店|求问|校园卡|教材,问答求助|二手交易|竞赛科研,晚上,教学区,0.0,0.0,0.0,0.0,75.625,0.153846,0.019231,0.019231,0.019231,2026-06-03 14:50:12
u_ext_00289,招聘|兼职|薪资|家教|老师|选课|求问|校园卡,薪资|兼职|招聘|家教,兼职实习|课程评价|问答求助|社团活动,早上,图书馆,0.038326,0.0,0.0,0.961674,65.875,0.129032,0.064516,0.0,0.0,2026-06-03 14:50:12
u_ext_00290,租房|二手交易|教材|闲置|电动车|打印店|求问|课程资料,租房|二手交易|教材|闲置|电动车|打印店,二手交易|问答求助|实习就业|兼职实习,早上,教学区,0.0,0.0,0.0,0.0,87.428571,0.118644,0.050847,0.050847,0.0,2026-06-03 14:50:12
u_ext_00291,课程资料|宿舍|面试|实习|竞赛|科研项目|招聘|简历,课程资料|宿舍|面试|实习|竞赛|科研项目,问答求助|实习就业|竞赛科研|考研保研,深夜,食堂区,0.0,0.0,0.0,0.0,59.5,0.078431,0.019608,0.0,0.0,2026-06-03 14:50:12
u_ext_00292,租房|电动车|闲置|教材|二手交易|实习|就业|简历,租房|电动车|闲置|教材|二手交易|实习,二手交易|实习就业|学习交流|问答求助,深夜,教学区,0.0,1.0,0.0,0.0,68.066667,0.245902,0.0,0.0,0.016393,2026-06-03 14:50:12
u_ext_00293,课程资料|打印店|求问|校园卡|宿舍|组队|竞赛|论文,课程资料|打印店|求问|校园卡|宿舍|组队,问答求助|竞赛科研|二手交易|学习交流,下午,校外,0.0,0.0,0.0,0.0,73.142857,0.112903,0.032258,0.016129,0.0,2026-06-03 14:50:12
u_ext_00294,考研|保研|招聘|实习|学习经验|薪资|家教|兼职,考研|保研|招聘|实习|学习经验|薪资,考研保研|兼职实习|实习就业|恋爱交友,早上,教学区,0.0,0.0,1.0,0.0,82.222222,0.18,0.08,0.04,0.02,2026-06-03 14:50:12
u_ext_00295,校园卡|课程资料|打印店|招聘|实习|宿舍|简历|就业,校园卡|课程资料|打印店|实习|招聘|宿舍,问答求助|实习就业|兼职实习|学习交流,晚上,图书馆,0.0,0.0,0.0,1.0,54.625,0.142857,0.035714,0.0,0.017857,2026-06-03 14:50:12
u_ext_00296,校园卡|宿舍|交友|搭子|课程资料|求问|打印店|保研,交友|搭子,问答求助|恋爱交友|考研保研|二手交易,晚上,校外,0.0,0.0,1.0,0.0,39.666667,0.053571,0.053571,0.017857,0.017857,2026-06-03 14:50:12
u_ext_00297,二手交易|电动车|租房|教材|闲置|校园卡|求问|南校,二手交易|电动车|租房|教材|闲置|求问,二手交易|问答求助,早上,图书馆,0.0,0.0,0.0,0.0,65.285714,0.114754,0.065574,0.016393,0.0,2026-06-03 14:50:12
u_ext_00298,宿舍|校园卡|打印店|求问|闲置|电动车|二手交易|租房,打印店|校园卡|宿舍|求问|闲置|电动车,问答求助|二手交易,早上,图书馆,0.0,0.0,0.0,0.0,95.0,0.071429,0.017857,0.0,0.0,2026-06-03 14:50:12
u_ext_00299,求问|宿舍|课程资料|打印店|校车|二手交易|电动车|校园卡,宿舍|校车|课程资料|求问|打印店,问答求助|校园生活|二手交易,深夜,教学区,0.0,1.0,0.0,0.0,63.0,0.045455,0.030303,0.015152,0.030303,2026-06-03 14:50:12
u_ext_00300,租房|教材|二手交易|电动车|闲置|实习|兼职|招聘,租房|教材|二手交易|电动车|闲置|实习,二手交易|兼职实习|问答求助|校园生活,下午,图书馆,0.0,0.0,0.0,1.0,61.272727,0.22,0.04,0.0,0.0,2026-06-03 14:50:12
u_ext_00301,教材|闲置|二手交易|电动车|课程资料|校园卡|宿舍|打印店,二手交易|闲置|教材|电动车|校园卡|课程资料,二手交易|问答求助|兼职实习,早上,宿舍区,0.0,0.0,0.0,1.0,92.0,0.042857,0.042857,0.0,0.014286,2026-06-03 14:50:12
u_ext_00302,租房|教材|电动车|闲置|面试|招聘|实习|二手交易,租房|教材|电动车|闲置|招聘|实习,二手交易|实习就业|问答求助,早上,教学区,0.0,0.0,0.0,0.0,67.666667,0.111111,0.018519,0.055556,0.0,2026-06-03 14:50:12
u_ext_00303,闲置|租房|二手交易|教材|校园卡|课程资料|宿舍|求问,教材|二手交易|租房|闲置|课程资料|校园卡,二手交易|问答求助|考研保研|校园生活,早上,食堂区,0.0,1.0,0.0,0.0,94.071429,0.168675,0.060241,0.036145,0.024096,2026-06-03 14:50:12
u_ext_00304,家教|薪资|实习|兼职|408|招聘|考研|保研,家教|薪资|实习|兼职|408|招聘,兼职实习|考研保研|竞赛科研|问答求助,早上,教学区,0.0,0.0,0.0,0.0,67.166667,0.105263,0.087719,0.017544,0.017544,2026-06-03 14:50:12
u_ext_00305,租房|电动车|教材|闲置|二手交易|实习|家教|招聘,闲置|电动车|教材|二手交易|租房,二手交易|实习就业|兼职实习|问答求助,深夜,宿舍区,0.0,1.0,0.0,0.0,77.777778,0.176471,0.019608,0.039216,0.078431,2026-06-03 14:50:12
u_ext_00306,校园生活|食堂|拼饭|校车|宿舍|共享厨房|闲置|二手交易,校园生活|食堂,校园生活|食堂生活|二手交易|课程评价,深夜,食堂区,0.0,0.0,0.0,0.0,72.8,0.149254,0.014925,0.0,0.0,2026-06-03 14:50:12
u_ext_00307,租房|电动车|教材|闲置|二手交易|校园卡|求问|宿舍,租房|电动车|教材|闲置|二手交易|求问,二手交易|问答求助|校园生活|实习就业,早上,宿舍区,0.0,0.0,0.0,0.0,79.461538,0.236364,0.036364,0.0,0.036364,2026-06-03 14:50:12
u_ext_00308,二手交易|教材|课程资料|宿舍|打印店|校园卡|租房|电动车,教材|二手交易,二手交易|问答求助|课程评价,深夜,校外,0.0,0.0,0.0,0.0,75.0,0.148148,0.018519,0.0,0.018519,2026-06-03 14:50:12
u_ext_00309,租房|电动车|二手交易|教材|闲置|拍照|交友|羽毛球,租房|电动车|二手交易|教材|闲置|拍照,二手交易|校园生活|恋爱交友|实习就业,早上,校外,0.0,0.0,1.0,0.0,63.0,0.173077,0.019231,0.0,0.019231,2026-06-03 14:50:12
u_ext_00310,二手交易|租房|闲置|教材|电动车|宿舍|校车|南校,二手交易|租房,二手交易|校园生活,早上,校外,0.0,0.0,0.0,0.0,95.818182,0.189655,0.051724,0.034483,0.034483,2026-06-03 14:50:12
u_ext_00311,闲置|租房|二手交易|电动车|教材|求问|打印店|宿舍,二手交易|闲置,二手交易|问答求助,深夜,校外,0.0,1.0,0.0,0.0,72.222222,0.125,0.055556,0.013889,0.041667,2026-06-03 14:50:12
u_ext_00312,社团|交友|志愿服务|招新|求问|校园卡|活动|宿舍,交友|志愿服务|招新|社团|求问|校园卡,社团活动|问答求助|二手交易|兼职实习,晚上,教学区,0.0,0.0,1.0,0.0,73.25,0.163265,0.061224,0.0,0.0,2026-06-03 14:50:12
u_ext_00313,租房|二手交易|教材|电动车|闲置|招聘|实习|简历,租房|二手交易|教材|电动车|闲置|招聘,二手交易|实习就业|问答求助|兼职实习,深夜,教学区,0.0,0.0,0.0,0.0,79.625,0.145455,0.072727,0.018182,0.018182,2026-06-03 14:50:12
u_ext_00314,二手交易|闲置|租房|电动车|教材|实习|宿舍|兼职,二手交易|租房|闲置|电动车|教材|实习,二手交易|兼职实习|校园生活|问答求助,深夜,食堂区,0.0,0.0,0.0,0.0,56.833333,0.122449,0.102041,0.020408,0.020408,2026-06-03 14:50:12
u_ext_00315,课程资料|校园卡|打印店|求问|宿舍|二手交易|闲置|教材,课程资料|校园卡|打印店|求问|宿舍|二手交易,问答求助|二手交易|考研保研,深夜,食堂区,0.0,0.0,0.0,0.0,62.666667,0.085714,0.042857,0.028571,0.014286,2026-06-03 14:50:12
u_ext_00316,租房|闲置|教材|二手交易|电动车|招聘|面试|就业,租房|闲置|教材|二手交易|电动车|招聘,二手交易|实习就业|兼职实习|校园生活,深夜,食堂区,0.0,0.0,0.0,1.0,75.833333,0.115385,0.057692,0.019231,0.019231,2026-06-03 14:50:12
u_ext_00317,老师|期末|选课|给分|课程评价|宿舍|校园生活|食堂,选课|老师|期末,课程评价|校园生活|社团活动|问答求助,深夜,教学区,1.0,0.0,0.0,0.0,71.538462,0.191176,0.014706,0.029412,0.0,2026-06-03 14:50:12
u_ext_00318,租房|二手交易|教材|闲置|电动车|招聘|就业|面试,租房|二手交易|教材|闲置|电动车|面试,二手交易|实习就业|校园生活,晚上,食堂区,0.0,0.0,0.0,0.0,73.75,0.123077,0.015385,0.030769,0.0,2026-06-03 14:50:12
u_ext_00319,二手交易|闲置|租房|电动车|教材|活动|羽毛球|搭子,二手交易|闲置|租房|电动车|教材|活动,二手交易|恋爱交友|校园生活|社团活动,晚上,食堂区,0.0,0.0,0.0,0.0,87.111111,0.147541,0.0,0.016393,0.016393,2026-06-03 14:50:12
u_ext_00320,租房|教材|二手交易|电动车|闲置|实习|招聘|简历,教材|二手交易|电动车|租房|闲置,二手交易|实习就业|兼职实习|问答求助,早上,校外,0.0,0.858732,0.0,0.141268,72.5,0.126984,0.095238,0.047619,0.047619,2026-06-03 14:50:12
u_ext_00321,宿舍|校园生活|食堂|校园卡|优惠|拼饭|打印店|校车,宿舍|校园生活|食堂|校园卡|优惠|拼饭,问答求助|食堂生活|校园生活|课程评价,早上,校外,0.0,0.0,0.0,0.0,77.571429,0.112903,0.032258,0.048387,0.016129,2026-06-03 14:50:12
u_ext_00322,家教|薪资|实习|兼职|招聘|二手交易|电动车|教材,实习|家教|兼职|招聘|薪资,兼职实习|二手交易,深夜,图书馆,0.0,0.0,0.0,1.0,85.6,0.089286,0.053571,0.0,0.0,2026-06-03 14:50:12
u_ext_00323,校园生活|拼饭|食堂|优惠|共享厨房|宿舍|校车|窗口测评,校园生活|拼饭|食堂|优惠|共享厨房|校车,食堂生活|校园生活|失物招领,深夜,食堂区,0.0,0.0,0.0,0.0,74.857143,0.125,0.0,0.0,0.0,2026-06-03 14:50:12
u_ext_00324,租房|电动车|二手交易|求问|校园卡|闲置|兼职|招聘,租房|电动车|二手交易|求问|校园卡|闲置,二手交易|问答求助|兼职实习,早上,宿舍区,0.0,0.0,0.0,1.0,57.666667,0.140625,0.0625,0.015625,0.0625,2026-06-03 14:50:12
u_ext_00325,租房|教材|闲置|电动车|二手交易|求问|校园卡|课程资料,租房|教材|闲置|二手交易|电动车|校园卡,二手交易|问答求助,早上,图书馆,0.0,0.0,0.0,0.0,91.666667,0.0625,0.104167,0.020833,0.041667,2026-06-03 14:50:12
u_ext_00326,求问|课程资料|宿舍|打印店|校园卡|拼饭|校园生活|考试,求问|课程资料|宿舍|打印店|校园卡|拼饭,问答求助|食堂生活|学习交流,深夜,图书馆,0.0,0.0,0.0,0.0,57.75,0.055556,0.013889,0.0,0.027778,2026-06-03 14:50:12
u_ext_00327,租房|闲置|二手交易|电动车|教材|校园卡|求问|招聘,租房|闲置|二手交易|电动车|教材|求问,二手交易|问答求助|兼职实习|实习就业,早上,宿舍区,0.0,0.840801,0.060383,0.098816,61.666667,0.18,0.08,0.02,0.06,2026-06-03 14:50:12
u_ext_00328,课程资料|打印店|校园卡|求问|宿舍|保研|考研|南校,课程资料|打印店,问答求助|考研保研,深夜,教学区,1.0,0.0,0.0,0.0,70.5,0.067797,0.016949,0.033898,0.016949,2026-06-03 14:50:12
u_ext_00329,租房|二手交易|电动车|兼职|招聘|家教|实习|薪资,租房|二手交易|电动车|兼职|招聘|家教,二手交易|兼职实习|问答求助|实习就业,深夜,图书馆,0.0,0.0,0.0,1.0,82.181818,0.169231,0.076923,0.0,0.015385,2026-06-03 14:50:12
u_ext_00330,租房|教材|电动车|二手交易|闲置|实习|招聘|拼饭,租房|教材|电动车|二手交易|闲置|招聘,二手交易|食堂生活|兼职实习|问答求助,深夜,校外,0.0,0.0,0.0,0.0,84.285714,0.114754,0.04918,0.016393,0.016393,2026-06-03 14:50:12
u_ext_00331,选课|食堂|校园生活|老师|课程评价|宿舍|共享厨房|校车,选课|食堂|校园生活|老师|课程评价|宿舍,课程评价|校园生活|二手交易|食堂生活,深夜,校外,0.0,0.0,0.0,0.0,72.5,0.09375,0.046875,0.015625,0.0,2026-06-03 14:50:12
u_ext_00332,实习|就业|简历|校园生活|食堂|窗口测评|拼饭|优惠,实习|就业|简历|校园生活|食堂|窗口测评,实习就业|食堂生活|校园生活|社团活动,下午,食堂区,0.0,0.0,0.0,1.0,92.0,0.131148,0.016393,0.016393,0.032787,2026-06-03 14:50:12
u_ext_00333,求问|校园卡|打印店|招聘|实习|408|保研|图书馆,校园卡|求问|打印店|实习|招聘|保研,问答求助|考研保研|实习就业|二手交易,早上,校外,0.0,1.0,0.0,0.0,82.75,0.1875,0.078125,0.03125,0.0,2026-06-03 14:50:12
u_ext_00334,考研|保研|学习经验|408|科研项目|创新项目|竞赛|组队,考研|保研|学习经验|408|科研项目|创新项目,考研保研|竞赛科研|问答求助|兼职实习,深夜,宿舍区,0.0,0.0,0.0,0.0,79.266667,0.223881,0.074627,0.0,0.0,2026-06-03 14:50:12
u_ext_00335,租房|教材|电动车|闲置|二手交易|求问|校园卡|宿舍,租房|教材|电动车,二手交易|问答求助|校园生活|兼职实习,深夜,宿舍区,0.0,1.0,0.0,0.0,85.615385,0.224138,0.051724,0.068966,0.017241,2026-06-03 14:50:12
u_ext_00336,租房|家教|实习|薪资|兼职|电动车|教材|二手交易,兼职|薪资|家教|实习|教材|电动车,二手交易|兼职实习|实习就业|课程评价,早上,教学区,0.0,0.0,0.0,1.0,94.1,0.135135,0.027027,0.027027,0.027027,2026-06-03 14:50:12
u_ext_00337,实习|招聘|简历|租房|电动车|教材|闲置|二手交易,实习|简历|招聘|租房|电动车|教材,实习就业|二手交易|问答求助|兼职实习,深夜,食堂区,0.0,0.0,0.0,1.0,55.666667,0.181818,0.015152,0.015152,0.0,2026-06-03 14:50:12
u_ext_00338,竞赛|论文|创新项目|组队|科研项目|求问|校园卡|保研,创新项目|竞赛|科研项目|组队|论文|求问,竞赛科研|问答求助|考研保研,晚上,宿舍区,0.903078,0.096922,0.0,0.0,81.714286,0.125,0.035714,0.035714,0.017857,2026-06-03 14:50:12
u_ext_00339,选课|期末|老师|活动|社团|招新|交友|食堂,选课|期末|老师|活动|社团|交友,课程评价|社团活动|校园生活|问答求助,早上,教学区,1.0,0.0,0.0,0.0,94.6,0.076923,0.061538,0.0,0.030769,2026-06-03 14:50:12
u_ext_00340,租房|教材|电动车|闲置|求问|校园卡|南校|二手交易,租房|教材|电动车|闲置|求问|校园卡,二手交易|问答求助,早上,宿舍区,0.0,0.0,0.0,0.0,73.461538,0.183099,0.042254,0.042254,0.028169,2026-06-03 14:50:12
u_ext_00341,考研|学习经验|保研|408|实习|招聘|复试|家教,考研|学习经验|保研|408|实习|招聘,考研保研|兼职实习|实习就业|竞赛科研,深夜,教学区,0.0,0.0,0.0,0.0,55.857143,0.112903,0.032258,0.016129,0.032258,2026-06-03 14:50:12
u_ext_00342,课程资料|校园卡|打印店|宿舍|求问|活动|交友|搭子,课程资料|校园卡|打印店|宿舍|求问|活动,问答求助|恋爱交友|课程评价|校园生活,深夜,图书馆,0.0,0.0,1.0,0.0,91.75,0.090909,0.022727,0.045455,0.0,2026-06-03 14:50:12
u_ext_00343,组队|竞赛|论文|创新项目|实习|面试|招聘|科研项目,竞赛|论文|创新项目|组队|面试|招聘,竞赛科研|实习就业|考研保研|社团活动,中午,宿舍区,0.909086,0.0,0.013621,0.077293,74.0,0.118644,0.067797,0.050847,0.050847,2026-06-03 14:50:12
u_ext_00344,二手交易|闲置|租房|教材|求问|校园卡|电动车|南校,二手交易|闲置|租房|教材|校园卡|求问,二手交易|问答求助,早上,食堂区,0.0,1.0,0.0,0.0,73.111111,0.163636,0.018182,0.0,0.018182,2026-06-03 14:50:12
u_ext_00345,租房|教材|闲置|二手交易|电动车|复试|考研|学习经验,租房|教材|闲置|二手交易|电动车|复试,二手交易|考研保研,早上,图书馆,0.0,0.0,0.0,0.0,47.0,0.1,0.02,0.0,0.0,2026-06-03 14:50:12
u_ext_00346,兼职|实习|家教|薪资|招聘|校园卡|求问|闲置,薪资|招聘|家教|实习|兼职,兼职实习|问答求助|二手交易,早上,图书馆,0.0,0.0,0.0,1.0,83.625,0.126984,0.079365,0.015873,0.015873,2026-06-03 14:50:12
u_ext_00347,租房|电动车|二手交易|闲置|教材|实习|招聘|薪资,租房|电动车|二手交易|闲置|教材|实习,二手交易|兼职实习|实习就业|校园生活,深夜,图书馆,0.0,0.0,0.0,1.0,78.857143,0.125,0.053571,0.0,0.0,2026-06-03 14:50:12
u_ext_00348,租房|二手交易|电动车|闲置|教材|实习|家教|兼职,电动车|二手交易|租房|闲置|教材,二手交易|兼职实习|问答求助|实习就业,早上,教学区,0.0,1.0,0.0,0.0,90.0,0.129032,0.032258,0.016129,0.032258,2026-06-03 14:50:12
u_ext_00349,考研|学习经验|二手交易|课程资料|闲置|求问|打印店|校园卡,考研|学习经验|二手交易|课程资料|闲置|校园卡,考研保研|二手交易|问答求助|课程评价,晚上,教学区,0.968914,0.0,0.0,0.031086,79.666667,0.092308,0.015385,0.046154,0.015385,2026-06-03 14:50:12
u_ext_00350,校园卡|宿舍|课程资料|教材|电动车|租房|二手交易|闲置,校园卡|宿舍|课程资料|电动车|教材|租房,问答求助|二手交易|考研保研|社团活动,深夜,教学区,0.0,0.0,1.0,0.0,57.4,0.108696,0.043478,0.0,0.0,2026-06-03 14:50:12
u_ext_00351,校园生活|共享厨房|食堂|宿舍|校车|老师|期末|选课,食堂|校园生活|共享厨房,校园生活|课程评价|食堂生活|问答求助,早上,校外,0.0,0.0,0.0,0.0,67.833333,0.169014,0.028169,0.0,0.0,2026-06-03 14:50:12
u_ext_00352,面试|就业|创新项目|竞赛|实习|社团|招新|志愿服务,面试|就业|创新项目|竞赛|实习|交友,实习就业|竞赛科研|社团活动|兼职实习,下午,校外,0.051033,0.0,0.0,0.948967,75.0,0.092593,0.055556,0.037037,0.037037,2026-06-03 14:50:12
u_ext_00353,招聘|面试|租房|电动车|二手交易|闲置|求问|校园卡,招聘|面试,实习就业|二手交易|问答求助|恋爱交友,早上,图书馆,0.0,0.0,0.012362,0.987638,62.5,0.15873,0.031746,0.015873,0.0,2026-06-03 14:50:12
u_ext_00354,租房|二手交易|教材|闲置|电动车|求问|家教|兼职,租房|二手交易|教材|闲置|电动车|求问,二手交易|问答求助|兼职实习|校园生活,深夜,宿舍区,0.0,0.0,0.0,0.0,89.1,0.188679,0.037736,0.018868,0.018868,2026-06-03 14:50:12
u_ext_00355,学习经验|考研|保研|408|竞赛|组队|创新项目|复试,学习经验|考研|保研|408|创新项目|竞赛,考研保研|竞赛科研|兼职实习|实习就业,早上,食堂区,1.0,0.0,0.0,0.0,45.0,0.075472,0.075472,0.018868,0.037736,2026-06-03 14:50:12
u_ext_00356,招聘|兼职|家教|租房|宿舍|求问|校园卡|二手交易,家教|兼职|招聘,兼职实习|问答求助|二手交易|实习就业,早上,校外,0.0,0.0,0.0,1.0,81.928571,0.237288,0.016949,0.0,0.033898,2026-06-03 14:50:12
u_ext_00357,保研|复试|408|学习经验|考研|兼职|薪资|实习,保研|复试|408|学习经验|考研|兼职,考研保研|兼职实习|竞赛科研,深夜,教学区,0.0,0.0,0.0,0.0,77.4,0.149254,0.029851,0.014925,0.0,2026-06-03 14:50:12
u_ext_00358,校园生活|食堂|宿舍|共享厨房|校车|优惠|窗口测评|拼饭,校园生活|食堂|宿舍|共享厨房|校车|拼饭,校园生活|食堂生活|问答求助|社团活动,早上,食堂区,0.0,1.0,0.0,0.0,100.125,0.119403,0.044776,0.014925,0.044776,2026-06-03 14:50:12
u_ext_00359,学习经验|408|保研|考研|复试|实习|招聘|打印店,保研|学习经验|408|考研|复试|招聘,考研保研|问答求助|兼职实习|竞赛科研,中午,图书馆,0.0,0.0,0.0,0.0,63.4,0.092593,0.111111,0.0,0.037037,2026-06-03 14:50:12
u_ext_00360,校园生活|宿舍|拼饭|窗口测评|求问|校园卡|课程资料|打印店,校园卡|求问|课程资料|打印店|宿舍|窗口测评,食堂生活|问答求助|校园生活|课程评价,早上,食堂区,1.0,0.0,0.0,0.0,71.25,0.123077,0.030769,0.030769,0.046154,2026-06-03 14:50:12
u_ext_00361,租房|教材|宿舍|校园卡|打印店|求问|课程资料|实习,租房|教材|校园卡|宿舍|打印店|求问,二手交易|问答求助|兼职实习,早上,图书馆,0.0,0.0,0.0,1.0,76.571429,0.142857,0.0,0.0,0.040816,2026-06-03 14:50:12
u_ext_00362,租房|闲置|电动车|二手交易|教材|宿舍|打印店|求问,租房|闲置|电动车|二手交易|教材|宿舍,二手交易|问答求助,深夜,食堂区,0.0,1.0,0.0,0.0,70.692308,0.236364,0.072727,0.054545,0.018182,2026-06-03 14:50:12
u_ext_00363,闲置|二手交易|租房|课程资料|教材|打印店|电动车|宿舍,租房|二手交易|闲置,二手交易|问答求助|兼职实习,早上,宿舍区,0.0,0.0,0.0,0.0,65.857143,0.137255,0.078431,0.019608,0.0,2026-06-03 14:50:12
u_ext_00364,租房|二手交易|教材|电动车|闲置|薪资|兼职|招聘,二手交易|教材|租房|电动车,二手交易|兼职实习|实习就业|校园生活,深夜,校外,0.0,1.0,0.0,0.0,99.5,0.078431,0.039216,0.019608,0.019608,2026-06-03 14:50:12
u_ext_00365,租房|闲置|电动车|教材|二手交易|实习|简历|面试,闲置|租房,二手交易|实习就业|兼职实习|问答求助,早上,食堂区,0.0,0.0,0.0,0.0,67.0,0.115942,0.057971,0.014493,0.0,2026-06-03 14:50:12
u_ext_00366,教材|二手交易|电动车|租房|打印店|课程资料|闲置|老师,教材|二手交易|电动车|租房,二手交易|问答求助|课程评价|实习就业,深夜,宿舍区,0.0,0.0,0.0,1.0,88.0,0.076923,0.038462,0.019231,0.019231,2026-06-03 14:50:12
u_ext_00367,租房|教材|二手交易|闲置|电动车|求问|校园卡|实习,租房|教材|二手交易|闲置|电动车|求问,二手交易|问答求助|兼职实习,早上,宿舍区,0.0,0.0,0.0,0.0,71.4,0.147059,0.058824,0.0,0.0,2026-06-03 14:50:12
u_ext_00368,实习|薪资|兼职|招聘|家教|校园卡|求问|宿舍,实习|薪资|兼职|招聘|家教,兼职实习|问答求助|考研保研|校园生活,深夜,宿舍区,0.0,1.0,0.0,0.0,86.833333,0.162162,0.040541,0.027027,0.013514,2026-06-03 14:50:12
u_ext_00369,闲置|二手交易|租房|教材|电动车|老师|期末|给分,闲置|二手交易|教材|电动车|租房,二手交易|课程评价|实习就业,早上,教学区,0.0,1.0,0.0,0.0,84.0,0.176471,0.039216,0.0,0.039216,2026-06-03 14:50:12
u_ext_00370,课程资料|打印店|宿舍|求问|校园卡|竞赛|科研项目|电动车,课程资料|打印店|宿舍|求问|校园卡|竞赛,问答求助|竞赛科研|二手交易,早上,教学区,0.0,0.0,0.0,0.0,52.142857,0.092105,0.026316,0.026316,0.065789,2026-06-03 14:50:12
u_ext_00371,实习|招聘|面试|简历|就业|二手交易|闲置|复试,实习|招聘|简历|就业|面试,实习就业|二手交易|考研保研|校园生活,深夜,宿舍区,0.0,0.0,0.0,1.0,100.625,0.156863,0.039216,0.0,0.019608,2026-06-03 14:50:12
u_ext_00372,二手交易|闲置|教材|校园卡|租房|电动车|打印店|宿舍,打印店|课程资料|校园卡|宿舍,二手交易|问答求助|实习就业,早上,教学区,0.685327,0.124133,0.0,0.190539,57.928571,0.205882,0.044118,0.029412,0.014706,2026-06-03 14:50:12
u_ext_00373,校园生活|食堂|宿舍|共享厨房|优惠|拼饭|窗口测评|校车,校园生活|拼饭|食堂|窗口测评|优惠,校园生活|食堂生活|课程评价|社团活动,深夜,食堂区,0.0,1.0,0.0,0.0,72.142857,0.12069,0.068966,0.017241,0.051724,2026-06-03 14:50:12
u_ext_00374,宿舍|校车|校园生活|共享厨房|食堂|优惠|窗口测评|拼饭,宿舍|校车|校园生活|共享厨房,校园生活|食堂生活|课程评价|社团活动,早上,宿舍区,0.0,0.0,0.0,0.0,82.666667,0.136364,0.0,0.045455,0.045455,2026-06-03 14:50:12
u_ext_00375,闲置|租房|教材|二手交易|面试|招聘|简历|电动车,租房|闲置,二手交易|实习就业|校园生活,早上,校外,0.0,0.967979,0.0,0.032021,101.666667,0.054545,0.072727,0.018182,0.0,2026-06-03 14:50:12
u_ext_00376,课程资料|求问|打印店|校园卡|宿舍|学习经验|学习交流|复习资料,课程资料|求问|打印店|校园卡|宿舍|学习经验,问答求助|学习交流,深夜,宿舍区,0.0,0.0,0.0,0.0,55.4,0.086207,0.068966,0.0,0.0,2026-06-03 14:50:12
u_ext_00377,租房|闲置|教材|电动车|二手交易|宿舍|校园卡|招聘,租房|闲置|教材|电动车|二手交易|宿舍,二手交易|问答求助|实习就业|兼职实习,深夜,教学区,0.0,0.0,0.0,0.0,59.111111,0.195652,0.043478,0.021739,0.0,2026-06-03 14:50:12
u_ext_00378,实习|招聘|保研|家教|兼职|薪资|408|学习经验,实习|招聘|保研|家教|薪资|兼职,考研保研|兼职实习|竞赛科研|恋爱交友,晚上,食堂区,0.0,0.0,1.0,0.0,76.6,0.144928,0.043478,0.0,0.014493,2026-06-03 14:50:12
u_ext_00379,闲置|二手交易|电动车|租房|教材|面试|招聘|就业,二手交易|闲置,二手交易|实习就业|问答求助,深夜,教学区,0.0,0.993271,0.0,0.006729,66.166667,0.105263,0.087719,0.035088,0.0,2026-06-03 14:50:12
u_ext_00380,租房|二手交易|电动车|闲置|招聘|实习|教材|家教,二手交易|租房,二手交易|兼职实习|问答求助|实习就业,晚上,宿舍区,0.128031,0.871969,0.0,0.0,74.111111,0.160714,0.142857,0.035714,0.017857,2026-06-03 14:50:12
u_ext_00381,校园生活|食堂|拼饭|优惠|学习交流|学习经验|考试|校车,校园生活|食堂|拼饭|优惠|学习交流|学习经验,食堂生活|学习交流|校园生活|课程评价,深夜,图书馆,0.0,0.0,0.0,0.0,70.833333,0.103448,0.068966,0.0,0.034483,2026-06-03 14:50:12
u_ext_00382,保研|复试|学习经验|考研|实习|家教|招聘|408,保研|复试|学习经验|考研|实习|家教,考研保研|兼职实习|实习就业,早上,教学区,0.0,0.0,0.0,0.0,87.0,0.072727,0.072727,0.0,0.018182,2026-06-03 14:50:12
u_ext_00383,实习|简历|招聘|就业|面试|租房|电动车|闲置,实习|简历|招聘|就业|面试,实习就业|二手交易|兼职实习|问答求助,早上,食堂区,0.0,0.0,0.0,1.0,73.5,0.054054,0.013514,0.013514,0.040541,2026-06-03 14:50:12
u_ext_00384,校园生活|食堂|宿舍|校车|共享厨房|拼饭|教材|二手交易,校车|食堂|宿舍|校园生活|共享厨房,校园生活|食堂生活|二手交易|课程评价,早上,校外,0.0,0.0,0.0,0.0,81.0,0.118421,0.0,0.013158,0.039474,2026-06-03 14:50:12
u_ext_00385,教材|二手交易|租房|闲置|电动车|就业|简历|求问,教材|二手交易|租房|闲置|电动车|简历,二手交易|实习就业|问答求助,早上,宿舍区,0.0,0.0,0.0,0.0,73.181818,0.177419,0.032258,0.048387,0.016129,2026-06-03 14:50:12
u_ext_00386,宿舍|校园生活|共享厨房|食堂|实习|兼职|薪资|活动,宿舍|共享厨房|校园生活|食堂|实习|兼职,校园生活|兼职实习|社团活动|问答求助,早上,图书馆,0.0,0.0,0.0,1.0,95.0,0.123077,0.046154,0.0,0.015385,2026-06-03 14:50:12
u_ext_00387,二手交易|闲置|电动车|租房|课程资料|求问|宿舍|校园卡,二手交易|租房|电动车|闲置,二手交易|问答求助|校园生活|竞赛科研,晚上,宿舍区,0.0,1.0,0.0,0.0,77.333333,0.105263,0.052632,0.0,0.052632,2026-06-03 14:50:12
u_ext_00388,二手交易|教材|闲置|课程资料|校园卡|宿舍|实习|家教,教材|二手交易|闲置,二手交易|问答求助|兼职实习,早上,宿舍区,0.0,0.0,0.0,0.0,69.923077,0.2,0.030769,0.0,0.0,2026-06-03 14:50:12
u_ext_00389,租房|二手交易|闲置|电动车|教材|交友|搭子|宿舍,租房|电动车,二手交易|恋爱交友|校园生活|问答求助,晚上,校外,0.0,0.740938,0.259062,0.0,67.777778,0.15,0.083333,0.083333,0.0,2026-06-03 14:50:12
u_ext_00390,宿舍|校园卡|课程资料|求问|打印店|二手交易|闲置|校车,宿舍|打印店|校园卡|课程资料|求问,问答求助|二手交易|校园生活,深夜,图书馆,0.0,0.0,0.0,0.0,68.0,0.078125,0.03125,0.015625,0.03125,2026-06-03 14:50:12
u_ext_00391,闲置|租房|二手交易|教材|电动车|简历|面试|招聘,闲置|租房|面试|简历|招聘,二手交易|实习就业|问答求助,下午,宿舍区,0.0,0.869298,0.0,0.130702,63.666667,0.193548,0.080645,0.048387,0.080645,2026-06-03 14:50:12
u_ext_00392,租房|教材|电动车|二手交易|闲置|求问|校园卡|宿舍,租房|教材|电动车|二手交易|闲置|求问,二手交易|问答求助|实习就业|兼职实习,早上,图书馆,0.0,0.0,0.0,0.0,86.416667,0.214286,0.017857,0.0,0.017857,2026-06-03 14:50:12
u_ext_00393,活动|社团|志愿服务|课程资料|打印店|简历|就业|电动车,活动|社团|志愿服务,社团活动|问答求助|实习就业|二手交易,早上,图书馆,0.0,0.0,1.0,0.0,104.5,0.086957,0.057971,0.0,0.043478,2026-06-03 14:50:12
u_ext_00394,打印店|课程资料|二手交易|闲置|电动车|教材|求问|校园卡,打印店|课程资料|二手交易|闲置|电动车|教材,问答求助|二手交易|实习就业,晚上,图书馆,0.0,0.0,0.0,0.0,88.25,0.072727,0.054545,0.018182,0.0,2026-06-03 14:50:12
u_ext_00395,课程资料|打印店|宿舍|校园卡|求问|二手交易|闲置|教材,课程资料|打印店,问答求助|二手交易|恋爱交友|学习交流,早上,教学区,0.992855,0.0,0.007145,0.0,50.1,0.172414,0.017241,0.0,0.034483,2026-06-03 14:50:12
u_ext_00396,租房|电动车|教材|闲置|二手交易|宿舍|求问|校园卡,租房|教材|电动车|校园卡|求问|课程资料,二手交易|问答求助|恋爱交友|兼职实习,深夜,宿舍区,0.04982,0.95018,0.0,0.0,92.714286,0.137255,0.098039,0.058824,0.078431,2026-06-03 14:50:12
u_ext_00397,考研|学习经验|408|保研|复试|科研项目|论文|竞赛,考研|学习经验|408|保研|复试|科研项目,考研保研|竞赛科研|问答求助|兼职实习,早上,教学区,0.0,0.0,0.0,0.0,65.083333,0.196721,0.065574,0.0,0.04918,2026-06-03 14:50:12
u_ext_00398,课程资料|打印店|求问|校园卡|宿舍|简历|招聘|实习,课程资料|打印店|校园卡|宿舍|求问,问答求助|实习就业|学习交流,早上,宿舍区,0.0,0.0,0.0,0.0,56.6,0.081967,0.0,0.032787,0.0,2026-06-03 14:50:12
u_ext_00399,二手交易|教材|租房|闲置|宿舍|求问|校园卡|打印店,二手交易|教材|租房|闲置|宿舍|校园卡,二手交易|问答求助|校园生活|课程评价,深夜,图书馆,0.0,0.0,0.0,0.0,90.111111,0.147541,0.016393,0.0,0.032787,2026-06-03 14:50:12
u_ext_00400,课程资料|校园卡|打印店|交友|活动|羽毛球|拍照|求问,课程资料|校园卡|打印店|交友|活动|羽毛球,问答求助|恋爱交友|二手交易,深夜,图书馆,0.0,0.0,0.0,0.0,76.333333,0.045455,0.0,0.015152,0.015152,2026-06-03 14:50:12
u_ext_00401,租房|闲置|教材|电动车|二手交易|实习|招聘|家教,教材|闲置|租房,二手交易|实习就业|兼职实习|学习交流,深夜,食堂区,0.0,0.0,0.0,0.0,48.222222,0.152542,0.016949,0.0,0.0,2026-06-03 14:50:12
u_ext_00402,实习|招聘|简历|面试|就业|二手交易|闲置|志愿服务,实习|简历|面试|招聘|就业|二手交易,实习就业|二手交易|社团活动|校园生活,深夜,宿舍区,0.0,0.353226,0.0,0.646774,52.0,0.040816,0.040816,0.040816,0.020408,2026-06-03 14:50:12
u_ext_00403,就业|招聘|简历|面试|实习|课程资料|宿舍|求问,就业|招聘|简历|面试|实习|课程资料,实习就业|问答求助|恋爱交友,深夜,食堂区,0.0,0.0,0.0,1.0,90.166667,0.1,0.016667,0.0,0.033333,2026-06-03 14:50:12
u_ext_00404,求问|校园卡|课程资料|打印店|租房|电动车|教材|二手交易,课程资料|求问|校园卡|打印店,问答求助|二手交易|实习就业|兼职实习,早上,食堂区,0.934547,0.0,0.0,0.065453,75.0,0.16129,0.064516,0.016129,0.032258,2026-06-03 14:50:12
u_ext_00405,校园卡|求问|实习|招聘|面试|简历|就业|兼职,校园卡|求问|实习|招聘|简历|就业,问答求助|实习就业|兼职实习|考研保研,早上,食堂区,0.0,0.0,0.0,0.0,92.125,0.115942,0.028986,0.014493,0.0,2026-06-03 14:50:12
u_ext_00406,招聘|就业|简历|面试|租房|电动车|教材|闲置,招聘|就业|简历|面试|租房|电动车,实习就业|二手交易|问答求助|兼职实习,深夜,校外,0.0,0.0,0.0,1.0,56.333333,0.145161,0.048387,0.0,0.032258,2026-06-03 14:50:12
u_ext_00407,二手交易|打印店|课程资料|求问|闲置|宿舍|校园卡|教材,二手交易|闲置|打印店|求问|课程资料|校园卡,二手交易|问答求助,晚上,教学区,0.5061,0.4939,0.0,0.0,89.833333,0.105263,0.035088,0.017544,0.017544,2026-06-03 14:50:12
u_ext_00408,求问|租房|校园卡|二手交易|闲置|打印店|面试|简历,求问|租房|校园卡|二手交易|闲置|打印店,问答求助|二手交易|实习就业|校园生活,深夜,图书馆,0.0,0.0,0.0,0.0,83.222222,0.130435,0.014493,0.0,0.028986,2026-06-03 14:50:12
u_ext_00409,校园生活|食堂|共享厨房|宿舍|校车|实习|校园卡|薪资,校园生活|食堂|共享厨房|校车|宿舍|实习,校园生活|问答求助|兼职实习|实习就业,深夜,宿舍区,0.0,1.0,0.0,0.0,75.625,0.135593,0.050847,0.0,0.016949,2026-06-03 14:50:12
u_ext_00410,面试|简历|就业|二手交易|招聘|实习|教材|闲置,面试|简历|就业|二手交易|招聘|实习,二手交易|实习就业|社团活动,早上,图书馆,0.0,0.0,0.0,1.0,70.0,0.175439,0.017544,0.0,0.070175,2026-06-03 14:50:12
u_ext_00411,教材|电动车|二手交易|租房|校园卡|闲置|求问|课程资料,教材|租房|电动车|二手交易|校园卡|闲置,问答求助|二手交易,早上,食堂区,0.0,0.0,0.0,0.0,133.0,0.058824,0.073529,0.014706,0.029412,2026-06-03 14:50:12
u_ext_00412,交友|搭子|租房|闲置|教材|课程资料|求问|打印店,交友|搭子|教材|闲置|租房|课程资料,恋爱交友|二手交易|问答求助|学习交流,深夜,图书馆,0.0,0.0,1.0,0.0,85.0,0.027778,0.055556,0.0,0.027778,2026-06-03 14:50:12
u_ext_00413,租房|闲置|教材|二手交易|电动车|校园生活|实习|宿舍,教材|闲置|租房,二手交易|校园生活|兼职实习|社团活动,早上,校外,0.0,1.0,0.0,0.0,69.8,0.087719,0.070175,0.0,0.070175,2026-06-03 14:50:12
u_ext_00414,租房|电动车|闲置|教材|二手交易|宿舍|校园卡|求问,租房|电动车|闲置|教材|二手交易|宿舍,二手交易|问答求助|校园生活|实习就业,晚上,食堂区,0.0,1.0,0.0,0.0,50.0,0.111111,0.092593,0.018519,0.0,2026-06-03 14:50:12
u_ext_00415,课程资料|打印店|宿舍|求问|校园卡|教材|闲置|二手交易,课程资料|打印店|宿舍|求问|校园卡|闲置,问答求助|二手交易|校园生活,晚上,教学区,1.0,0.0,0.0,0.0,68.333333,0.085714,0.057143,0.042857,0.014286,2026-06-03 14:50:12
u_ext_00416,考研|408|保研|求问|校园卡|图书馆|复试|实习,考研|408|保研|求问|校园卡|图书馆,考研保研|问答求助|实习就业|竞赛科研,深夜,校外,0.0,0.0,0.0,0.0,69.6,0.102041,0.040816,0.0,0.020408,2026-06-03 14:50:12
u_ext_00417,课程资料|求问|校园卡|宿舍|打印店|二手交易|教材|闲置,课程资料|求问|宿舍|校园卡|打印店,问答求助|二手交易,中午,校外,1.0,0.0,0.0,0.0,77.142857,0.14,0.02,0.02,0.0,2026-06-03 14:50:12
u_ext_00418,薪资|实习|招聘|租房|电动车|兼职|教材|二手交易,薪资|招聘|实习,兼职实习|二手交易|社团活动|问答求助,早上,校外,0.0,0.0,0.0,1.0,57.111111,0.142857,0.015873,0.0,0.015873,2026-06-03 14:50:12
u_ext_00419,校园生活|共享厨房|宿舍|校车|求问|校园卡|食堂|期末,校园生活|共享厨房|宿舍|校车|求问|校园卡,校园生活|问答求助|课程评价|食堂生活,深夜,宿舍区,1.0,0.0,0.0,0.0,66.363636,0.192982,0.070175,0.0,0.035088,2026-06-03 14:50:12
u_ext_00420,租房|电动车|闲置|二手交易|教材|求问|校园卡|图书馆,租房|电动车|闲置|二手交易|教材|求问,二手交易|问答求助,晚上,教学区,0.0,0.0,0.0,0.0,100.285714,0.111111,0.047619,0.0,0.015873,2026-06-03 14:50:12
u_ext_00421,校园卡|课程资料|求问|打印店|宿舍|闲置|电动车|教材,校园卡|课程资料|求问|打印店|宿舍|教材,问答求助|二手交易|考研保研|竞赛科研,早上,宿舍区,0.0,0.0,0.0,1.0,56.888889,0.1125,0.0875,0.0125,0.025,2026-06-03 14:50:12
u_ext_00422,租房|闲置|电动车|实习|招聘|简历|就业|面试,闲置|电动车|租房|实习|招聘|简历,二手交易|实习就业|兼职实习|问答求助,晚上,图书馆,0.0,0.0,0.0,0.0,66.25,0.123077,0.030769,0.015385,0.0,2026-06-03 14:50:12
u_ext_00423,租房|二手交易|实习|家教|招聘|教材|闲置|电动车,实习|家教|招聘,二手交易|兼职实习|问答求助|实习就业,晚上,教学区,0.0,0.0,0.0,0.0,96.181818,0.144737,0.013158,0.013158,0.026316,2026-06-03 14:50:12
u_ext_00424,保研|考研|校车|宿舍|复试|学习经验|408|实习,保研|考研,考研保研|校园生活|兼职实习|实习就业,早上,宿舍区,1.0,0.0,0.0,0.0,61.714286,0.137255,0.019608,0.0,0.019608,2026-06-03 14:50:12
u_ext_00425,校园卡|求问|宿舍|课程资料|打印店|租房|电动车|教材,校园卡|求问|打印店|课程资料|宿舍,问答求助|二手交易|兼职实习|校园生活,深夜,图书馆,0.021677,0.972425,0.0,0.005898,52.571429,0.107692,0.015385,0.030769,0.0,2026-06-03 14:50:12
u_ext_00426,课程资料|宿舍|打印店|求问|闲置|二手交易|电动车|校园卡,课程资料|宿舍|打印店|求问|二手交易|电动车,问答求助|二手交易|竞赛科研|社团活动,晚上,宿舍区,0.0,0.0,0.0,0.0,85.25,0.114286,0.042857,0.0,0.057143,2026-06-03 14:50:12
u_ext_00427,招聘|面试|租房|电动车|实习|教材|简历|就业,招聘|面试|租房|电动车|实习|教材,实习就业|二手交易|问答求助|兼职实习,深夜,校外,0.0,0.0,0.0,1.0,88.25,0.133333,0.033333,0.016667,0.016667,2026-06-03 14:50:12
u_ext_00428,教材|租房|闲置|电动车|二手交易|宿舍|校车|求问,闲置|电动车|教材|二手交易|租房,二手交易|校园生活|问答求助,晚上,教学区,0.0,1.0,0.0,0.0,89.2,0.079365,0.031746,0.031746,0.0,2026-06-03 14:50:12
u_ext_00429,考研|408|学习经验|教材|电动车|租房|二手交易|闲置,考研|408|学习经验,考研保研|二手交易|问答求助|兼职实习,早上,校外,1.0,0.0,0.0,0.0,91.142857,0.127273,0.018182,0.018182,0.0,2026-06-03 14:50:12
u_ext_00430,租房|教材|电动车|二手交易|闲置|求问|校园卡|宿舍,租房|二手交易|教材|电动车|求问|校园卡,二手交易|问答求助|兼职实习,早上,教学区,0.0,0.90818,0.0,0.09182,63.090909,0.207547,0.037736,0.0,0.018868,2026-06-03 14:50:12
u_ext_00431,二手交易|闲置|电动车|校园生活|食堂|教材|租房|实习,二手交易|闲置|电动车|校园生活|食堂|教材,二手交易|校园生活|实习就业,深夜,图书馆,0.0,0.0,0.0,1.0,89.333333,0.092308,0.030769,0.0,0.0,2026-06-03 14:50:12
u_ext_00432,实习|家教|招聘|薪资|兼职|租房|二手交易|闲置,家教|招聘|实习|薪资|兼职|二手交易,兼职实习|二手交易|问答求助,早上,校外,0.0,0.0,0.0,1.0,60.0,0.086207,0.0,0.017241,0.0,2026-06-03 14:50:12
u_ext_00433,宿舍|打印店|课程资料|校园卡|求问|校车|租房|教材,宿舍|打印店|课程资料|校园卡|求问|校车,问答求助|校园生活|二手交易|实习就业,深夜,宿舍区,1.0,0.0,0.0,0.0,81.916667,0.230769,0.057692,0.0,0.0,2026-06-03 14:50:12
u_ext_00434,课程资料|二手交易|教材|考试|复习资料|学习交流|求问|校园卡,课程资料|二手交易|教材|考试|复习资料|学习交流,二手交易|学习交流|问答求助,深夜,教学区,0.0,0.0,0.0,0.0,68.875,0.135593,0.0,0.016949,0.0,2026-06-03 14:50:12
u_ext_00435,实习|就业|简历|教材|租房|电动车|闲置|二手交易,实习|就业|简历|电动车|租房|闲置,二手交易|实习就业|问答求助|食堂生活,晚上,宿舍区,0.004937,0.36322,0.0,0.631843,74.352941,0.257576,0.166667,0.0,0.015152,2026-06-03 14:50:12
u_ext_00436,租房|教材|二手交易|闲置|电动车|兼职|薪资|家教,租房|教材|二手交易|闲置|电动车|兼职,二手交易|兼职实习|问答求助,早上,宿舍区,0.0,0.0,0.0,1.0,79.75,0.067797,0.067797,0.033898,0.033898,2026-06-03 14:50:12
u_ext_00437,实习|家教|宿舍|求问|打印店|二手交易|闲置|竞赛,实习|家教|求问|宿舍|打印店|二手交易,兼职实习|问答求助|二手交易|竞赛科研,下午,食堂区,0.0,1.0,0.0,0.0,82.75,0.119403,0.029851,0.029851,0.029851,2026-06-03 14:50:12
u_ext_00438,教材|电动车|校园卡|课程资料|求问|闲置|二手交易|租房,电动车|教材,二手交易|问答求助|竞赛科研,深夜,教学区,0.0,1.0,0.0,0.0,69.2,0.153846,0.015385,0.030769,0.015385,2026-06-03 14:50:12
u_ext_00439,校园生活|共享厨房|拼饭|食堂|电动车|租房|教材|二手交易,校园生活|共享厨房|拼饭|食堂,校园生活|食堂生活|二手交易|课程评价,下午,教学区,0.0,1.0,0.0,0.0,72.666667,0.12766,0.021277,0.042553,0.042553,2026-06-03 14:50:12
u_ext_00440,课程资料|求问|宿舍|打印店|校园卡|二手交易|闲置|租房,二手交易|闲置,问答求助|二手交易|校园生活,早上,教学区,0.0,0.0,0.0,0.0,52.6,0.076923,0.046154,0.015385,0.046154,2026-06-03 14:50:12
u_ext_00441,租房|教材|闲置|面试|招聘|就业|简历|实习,租房|教材|闲置|面试|招聘|简历,二手交易|实习就业,早上,食堂区,0.0,0.0,0.0,1.0,80.375,0.145455,0.018182,0.018182,0.018182,2026-06-03 14:50:12
u_ext_00442,求问|打印店|校园卡|课程资料|宿舍,求问|打印店|课程资料|校园卡|宿舍,问答求助,深夜,食堂区,0.0,0.0,0.0,0.0,70.0,0.089286,0.017857,0.017857,0.0,2026-06-03 14:50:12
u_ext_00443,租房|教材|闲置|二手交易|招聘|薪资|兼职|家教,二手交易|闲置|租房|教材,二手交易|兼职实习|问答求助|恋爱交友,早上,食堂区,0.0,0.687124,0.0,0.312876,98.1,0.151515,0.060606,0.0,0.015152,2026-06-03 14:50:12
u_ext_00444,课程资料|校园卡|打印店|求问|宿舍|闲置|教材|二手交易,课程资料|校园卡|打印店|宿舍|求问|闲置,问答求助|二手交易|学习交流|社团活动,深夜,图书馆,0.0,0.0,0.0,0.0,89.714286,0.112903,0.032258,0.0,0.048387,2026-06-03 14:50:12
u_ext_00445,求问|课程资料|校园卡|宿舍|打印店|东校|保研|考研,求问|课程资料|校园卡|宿舍|打印店|东校,问答求助|考研保研|校园生活,晚上,教学区,0.0,0.0,0.0,0.0,64.333333,0.109091,0.054545,0.018182,0.0,2026-06-03 14:50:12
u_ext_00446,面试|招聘|简历|实习|校园生活|共享厨房|校车|宿舍,实习|面试|简历|招聘|校园生活|宿舍,实习就业|校园生活|食堂生活|问答求助,下午,食堂区,0.0,0.0,0.0,0.0,103.0,0.083333,0.033333,0.016667,0.016667,2026-06-03 14:50:12
u_ext_00447,实习|招聘|租房|闲置|教材|二手交易|就业|电动车,实习|招聘|租房|闲置|教材|二手交易,二手交易|实习就业|兼职实习|社团活动,深夜,宿舍区,0.0,0.0,0.0,1.0,81.0,0.224138,0.051724,0.034483,0.034483,2026-06-03 14:50:12
u_ext_00448,租房|闲置|教材|二手交易|电动车|面试|招聘|实习,租房|闲置|教材|二手交易|电动车|面试,二手交易|实习就业|校园生活,深夜,教学区,0.0,0.0,0.0,0.0,90.5,0.16129,0.016129,0.016129,0.048387,2026-06-03 14:50:12
u_ext_00449,租房|电动车|二手交易|教材|闲置|课程资料|校园卡|打印店,二手交易|闲置|租房|电动车|教材,二手交易|问答求助|校园生活,早上,宿舍区,0.0,0.0,0.0,0.0,68.714286,0.208955,0.044776,0.0,0.014925,2026-06-03 14:50:12
u_ext_00450,租房|二手交易|闲置|教材|电动车|宿舍|校园卡|求问,租房|二手交易|闲置|教材|电动车|宿舍,二手交易|问答求助|校园生活|兼职实习,晚上,宿舍区,0.0,1.0,0.0,0.0,85.785714,0.27451,0.039216,0.039216,0.0,2026-06-03 14:50:12
u_ext_00451,租房|闲置|电动车|教材|二手交易|宿舍|校园生活|共享厨房,租房|闲置|电动车|教材|二手交易|宿舍,二手交易|校园生活,早上,食堂区,0.0,0.0,0.0,0.0,78.125,0.125,0.0625,0.0,0.0,2026-06-03 14:50:12
u_ext_00452,实习|家教|兼职|招聘|薪资|活动|招新|志愿服务,实习|家教|兼职|招聘|薪资|活动,兼职实习|社团活动|校园生活|课程评价,深夜,宿舍区,0.0,0.0,0.445145,0.554855,56.0,0.142857,0.017857,0.017857,0.035714,2026-06-03 14:50:12
u_ext_00453,课程资料|宿舍|求问|校园卡|打印店|论文|创新项目|组队,宿舍|课程资料|打印店|校园卡|求问,问答求助|竞赛科研|恋爱交友|学习交流,早上,食堂区,1.0,0.0,0.0,0.0,72.25,0.061538,0.046154,0.015385,0.015385,2026-06-03 14:50:12
u_ext_00454,校园卡|求问|闲置|租房|二手交易|电动车|教材|课程资料,求问|校园卡,问答求助|二手交易,晚上,教学区,0.0,0.0,0.0,0.0,53.75,0.060606,0.045455,0.015152,0.015152,2026-06-03 14:50:12
u_ext_00455,求问|课程资料|打印店|宿舍|校园卡|租房|教材|电动车,课程资料|打印店|求问|宿舍|校园卡|租房,问答求助|二手交易|兼职实习|食堂生活,早上,宿舍区,0.0,0.0,0.0,0.0,56.555556,0.142857,0.0,0.0,0.015873,2026-06-03 14:50:12
u_ext_00456,活动|社团|校园生活|优惠|窗口测评|拼饭|求问|校园卡,活动|社团|校园生活|优惠|窗口测评|拼饭,社团活动|食堂生活|问答求助|校园生活,晚上,教学区,0.0,0.0,1.0,0.0,69.75,0.088889,0.0,0.066667,0.022222,2026-06-03 14:50:12
u_ext_00457,面试|实习|招聘|简历|考研|学习经验|408|校园生活,面试|实习|招聘|简历,实习就业|考研保研|校园生活|社团活动,早上,宿舍区,0.0,0.0,0.159322,0.840678,89.666667,0.109091,0.054545,0.0,0.036364,2026-06-03 14:50:12
u_ext_00458,租房|电动车|课程资料|求问|宿舍|打印店|校园卡|学习经验,租房|电动车,二手交易|问答求助|考研保研|兼职实习,早上,图书馆,0.0,0.991609,0.008391,0.0,75.5,0.166667,0.020833,0.0,0.020833,2026-06-03 14:50:12
u_ext_00459,校园生活|食堂|窗口测评|拼饭|优惠|共享厨房|宿舍|校车,优惠|窗口测评|校园生活|食堂|拼饭,食堂生活|校园生活|问答求助|二手交易,早上,宿舍区,0.0,1.0,0.0,0.0,87.222222,0.157895,0.052632,0.0,0.070175,2026-06-03 14:50:12
u_ext_00460,租房|二手交易|闲置|教材|电动车|交友|搭子|优惠,租房|二手交易|闲置|教材|电动车|交友,二手交易|恋爱交友|食堂生活|竞赛科研,早上,教学区,0.0,0.0,1.0,0.0,59.5,0.113208,0.037736,0.018868,0.018868,2026-06-03 14:50:12
u_ext_00461,租房|电动车|闲置|教材|二手交易|实习|面试|招聘,租房|电动车|闲置|教材|二手交易|实习,二手交易|实习就业|校园生活|兼职实习,晚上,宿舍区,0.0,0.840065,0.0,0.159935,78.428571,0.14,0.06,0.04,0.06,2026-06-03 14:50:12
u_ext_00462,实习|招聘|简历|就业|面试|活动|交友|社团,招聘|就业|面试|实习|简历|招新,实习就业|社团活动|考研保研|兼职实习,早上,图书馆,0.0,0.0,0.793768,0.206232,79.642857,0.186667,0.066667,0.013333,0.013333,2026-06-03 14:50:12
u_ext_00463,课程资料|校园卡|求问|宿舍|打印店|招聘|简历|面试,宿舍|课程资料|求问|校园卡,问答求助|实习就业|学习交流,深夜,食堂区,0.0,0.0,0.0,1.0,78.666667,0.138462,0.030769,0.0,0.0,2026-06-03 14:50:12
u_ext_00464,课程资料|打印店|宿舍|校园卡|学习经验|复试|保研|考研,复试|学习经验|保研|考研|408,问答求助|考研保研|学习交流|社团活动,早上,教学区,0.81691,0.0,0.18309,0.0,53.5,0.117647,0.039216,0.0,0.019608,2026-06-03 14:50:12
u_ext_00465,租房|闲置|电动车|教材|二手交易|实习|招聘|薪资,租房|闲置|电动车|二手交易|教材|实习,二手交易|兼职实习|问答求助|实习就业,深夜,教学区,0.0,0.0,0.0,1.0,82.7,0.243902,0.0,0.0,0.02439,2026-06-03 14:50:12
u_ext_00466,二手交易|教材|电动车|闲置|租房|求问|校园卡|宿舍,教材|二手交易|闲置|电动车|租房,二手交易|问答求助|校园生活,深夜,教学区,0.0,1.0,0.0,0.0,70.1,0.263158,0.0,0.052632,0.026316,2026-06-03 14:50:12
u_ext_00467,校园生活|优惠|拼饭|窗口测评|宿舍|食堂|校车|共享厨房,校园生活|拼饭|优惠|窗口测评,食堂生活|校园生活|课程评价|社团活动,晚上,宿舍区,0.0,0.0,0.0,0.0,84.615385,0.220339,0.050847,0.016949,0.050847,2026-06-03 14:50:12
u_ext_00468,租房|闲置|二手交易|教材|电动车|招聘|兼职|薪资,租房|闲置|二手交易|教材|电动车|招聘,二手交易|兼职实习|校园生活|实习就业,早上,宿舍区,0.0,1.0,0.0,0.0,93.75,0.133333,0.083333,0.05,0.05,2026-06-03 14:50:12
u_ext_00469,二手交易|校园卡|课程资料|宿舍|求问|闲置|电动车|打印店,闲置|电动车|二手交易,二手交易|问答求助,早上,食堂区,0.0,1.0,0.0,0.0,82.75,0.072727,0.054545,0.036364,0.0,2026-06-03 14:50:12
u_ext_00470,求问|校园卡|租房|打印店|课程资料|宿舍|教材|电动车,求问|校园卡|租房|课程资料|打印店|宿舍,问答求助|二手交易,早上,教学区,0.0,0.0,0.0,0.0,62.222222,0.163636,0.018182,0.0,0.018182,2026-06-03 14:50:12
u_ext_00471,租房|电动车|闲置|二手交易|教材|校园生活|宿舍|校车,租房|电动车|闲置|二手交易|教材|校园生活,二手交易|校园生活|实习就业,深夜,校外,0.0,0.0,0.0,0.0,64.875,0.112676,0.014085,0.014085,0.056338,2026-06-03 14:50:12
u_ext_00472,租房|闲置|二手交易|电动车|教材|求问|校园卡|实习,二手交易|租房|电动车|闲置,二手交易|问答求助|兼职实习|食堂生活,早上,食堂区,1.0,0.0,0.0,0.0,77.857143,0.092105,0.065789,0.013158,0.039474,2026-06-03 14:50:12
u_ext_00473,电动车|二手交易|教材|闲置|租房|课程资料|求问|校园卡,闲置|电动车|租房|二手交易|教材,二手交易|问答求助|实习就业|校园生活,深夜,食堂区,0.0,1.0,0.0,0.0,64.222222,0.147541,0.016393,0.016393,0.0,2026-06-03 14:50:12
u_ext_00474,选课|课程评价|给分|宿舍|校园生活|食堂|校车|共享厨房,课程评价|选课|给分|校园生活|宿舍|食堂,课程评价|校园生活|问答求助|社团活动,深夜,宿舍区,0.688216,0.30185,0.009934,0.0,90.833333,0.36,0.04,0.02,0.06,2026-06-03 14:50:12
u_ext_00475,实习|招聘|面试|简历|薪资|兼职|宿舍|求问,薪资|兼职|实习|招聘,实习就业|兼职实习|问答求助|考研保研,深夜,宿舍区,0.0,0.0,0.0,1.0,99.125,0.135593,0.050847,0.016949,0.016949,2026-06-03 14:50:12
u_ext_00476,校园生活|共享厨房|宿舍|食堂|社团|招新|选课|老师,校园生活|共享厨房,校园生活|社团活动|课程评价|二手交易,深夜,图书馆,0.0,1.0,0.0,0.0,75.833333,0.107143,0.035714,0.0,0.017857,2026-06-03 14:50:12
u_ext_00477,实习|兼职|招聘|薪资|拍照|活动|宿舍|求问,拍照|活动,兼职实习|恋爱交友|问答求助|考研保研,下午,校外,0.0,0.0,0.445755,0.554245,82.125,0.153846,0.0,0.019231,0.038462,2026-06-03 14:50:12
u_ext_00478,租房|电动车|教材|求问|校园卡|打印店|课程资料|宿舍,电动车|教材|租房,二手交易|问答求助,深夜,校外,1.0,0.0,0.0,0.0,61.333333,0.055556,0.037037,0.037037,0.037037,2026-06-03 14:50:12
u_ext_00479,电动车|教材|求问|课程资料|校园卡|打印店|搭子|活动,电动车|教材|求问|课程资料|校园卡|打印店,二手交易|问答求助|恋爱交友|实习就业,中午,教学区,0.0,0.0,0.884974,0.115026,77.75,0.071429,0.089286,0.0,0.035714,2026-06-03 14:50:12
u_ext_00480,租房|二手交易|闲置|电动车|教材|宿舍|校车|食堂,租房|二手交易|闲置|电动车|教材|宿舍,二手交易|校园生活|问答求助,深夜,教学区,0.0,0.0,0.0,0.0,60.444444,0.142857,0.063492,0.015873,0.015873,2026-06-03 14:50:12
u_ext_00481,租房|求问|校园卡|闲置|实习|招聘|电动车|兼职,租房|闲置|电动车|校园生活|食堂,问答求助|二手交易|兼职实习|校园生活,深夜,食堂区,0.0,0.408511,0.0,0.591489,69.090909,0.2,0.036364,0.054545,0.036364,2026-06-03 14:50:12
u_ext_00482,课程资料|求问|校园卡|宿舍|二手交易|闲置|打印店|电动车,求问|课程资料|校园卡|宿舍|二手交易|闲置,问答求助|二手交易,晚上,食堂区,0.0,0.0,0.0,0.0,65.0,0.12069,0.034483,0.034483,0.0,2026-06-03 14:50:12
u_ext_00483,实习|家教|招聘|薪资|兼职|考研|408|学习经验,实习|家教|招聘|薪资|兼职|考研,兼职实习|考研保研|实习就业|竞赛科研,晚上,教学区,0.0,0.0,0.0,1.0,68.166667,0.166667,0.041667,0.013889,0.013889,2026-06-03 14:50:12
u_ext_00484,保研|复试|考研|408|二手交易|闲置|学习经验|志愿服务,保研|复试|考研|408|二手交易|闲置,考研保研|二手交易|社团活动|竞赛科研,深夜,宿舍区,0.0,0.0,1.0,0.0,71.764706,0.232877,0.041096,0.013699,0.013699,2026-06-03 14:50:12
u_ext_00485,课程资料|校园卡|求问|打印店|宿舍|复试|学习经验|保研,课程资料|校园卡|求问|打印店|宿舍|复试,问答求助|考研保研|竞赛科研,深夜,校外,0.0,0.0,0.0,0.0,91.666667,0.1,0.033333,0.0,0.0,2026-06-03 14:50:12
u_ext_00486,简历|面试|租房|教材|电动车|闲置|二手交易|求问,简历|面试|教材|电动车|租房|二手交易,实习就业|二手交易|问答求助|兼职实习,早上,食堂区,0.0,0.0,0.0,0.0,67.25,0.140351,0.0,0.0,0.0,2026-06-03 14:50:12
u_ext_00487,校园生活|食堂|宿舍|共享厨房|校车|优惠|窗口测评|拼饭,校园生活|食堂|宿舍|共享厨房|校车|窗口测评,校园生活|食堂生活|课程评价|社团活动,深夜,食堂区,0.0,0.0,0.0,0.0,72.0,0.098361,0.032787,0.032787,0.016393,2026-06-03 14:50:12
u_ext_00488,课程资料|求问|宿舍|打印店|校园卡|电动车|二手交易|租房,打印店|求问|课程资料|校园卡|宿舍|教材,问答求助|二手交易|校园生活,早上,图书馆,1.0,0.0,0.0,0.0,70.8,0.09434,0.056604,0.037736,0.037736,2026-06-03 14:50:12
u_ext_00489,闲置|二手交易|南校|教材|电动车|租房|求问|校园卡,二手交易|闲置|南校,二手交易|问答求助|实习就业,晚上,校外,0.965156,0.0,0.0,0.034844,63.909091,0.144737,0.092105,0.013158,0.026316,2026-06-03 14:50:12
u_ext_00490,租房|二手交易|电动车|教材|简历|就业|闲置|面试,租房|二手交易,二手交易|实习就业,早上,宿舍区,0.0,0.547717,0.0,0.452283,61.666667,0.190476,0.047619,0.031746,0.015873,2026-06-03 14:50:12
u_ext_00491,实习|家教|考研|408|保研|宿舍|校园卡|学习经验,实习|家教,兼职实习|考研保研|问答求助|竞赛科研,早上,校外,0.0,0.0,0.0,1.0,76.571429,0.125,0.071429,0.035714,0.0,2026-06-03 14:50:12
u_ext_00492,电动车|租房|教材|二手交易|闲置|论文|组队|创新项目,租房|二手交易|教材|电动车|闲置,二手交易|竞赛科研|实习就业|兼职实习,早上,食堂区,0.0,1.0,0.0,0.0,58.142857,0.112903,0.032258,0.0,0.0,2026-06-03 14:50:12
u_ext_00493,租房|教材|电动车|闲置|宿舍|交友|搭子|二手交易,租房|教材|电动车,二手交易|恋爱交友|问答求助|校园生活,早上,校外,0.0,0.0,1.0,0.0,93.636364,0.177419,0.064516,0.0,0.032258,2026-06-03 14:50:12
u_ext_00494,租房|教材|电动车|实习|面试|简历|二手交易|闲置,面试|简历|实习,二手交易|实习就业|兼职实习|问答求助,晚上,图书馆,0.0,0.0,0.0,1.0,68.363636,0.166667,0.045455,0.030303,0.015152,2026-06-03 14:50:12
u_ext_00495,二手交易|租房|教材|闲置|电动车|兼职|薪资|实习,教材|二手交易|租房|闲置|电动车|兼职,二手交易|兼职实习|问答求助|社团活动,早上,教学区,0.0,0.0,0.0,1.0,89.0,0.0625,0.05,0.0125,0.025,2026-06-03 14:50:12
u_ext_00496,竞赛|组队|创新项目|复试|保研|论文|408|学习经验,创新项目|竞赛|组队,竞赛科研|考研保研|实习就业|校园生活,晚上,宿舍区,0.0,0.0,0.788397,0.211603,59.3,0.175439,0.087719,0.017544,0.035088,2026-06-03 14:50:12
u_ext_00497,实习|招聘|简历|就业|二手交易|租房|面试|教材,招聘|实习|简历|就业|二手交易|租房,实习就业|二手交易|问答求助|兼职实习,下午,校外,0.0,0.0,0.0,1.0,84.666667,0.107143,0.017857,0.017857,0.035714,2026-06-03 14:50:12
u_ext_00498,教材|闲置|电动车|租房|简历|招聘|实习|二手交易,简历|实习|面试|招聘|就业|闲置,二手交易|实习就业|社团活动|考研保研,晚上,图书馆,0.0,0.425936,0.0,0.574064,34.166667,0.103448,0.034483,0.0,0.017241,2026-06-03 14:50:12
u_ext_00499,宿舍|课程资料|打印店|校园卡|求问|二手交易|教材|电动车,校园卡|求问|宿舍|打印店|课程资料,问答求助|二手交易|校园生活|兼职实习,深夜,宿舍区,1.0,0.0,0.0,0.0,78.333333,0.096774,0.048387,0.016129,0.080645,2026-06-03 14:50:12
u_ext_00500,校园生活|食堂|求问|校园卡|拼饭|宿舍|课程资料|共享厨房,校园生活|食堂,问答求助|校园生活|食堂生活|二手交易,早上,宿舍区,0.0,0.0,0.0,0.0,44.555556,0.157895,0.052632,0.0,0.035088,2026-06-03 14:50:12
